3,Campus,Service Category,Main Service,FaithKids,Mainstream,Total,Notes,Week Of,Year,Month,Quarter
2024-01-03,CFC,Wednesday Service,858,271,431,1560,,2024-01-03,2024,1,1
2024-01-03,MSC,Wednesday Service,32,12,,44,,2024-01-03,2024,1,1
2024-01-03,RBL,Wednesday Service,65,9,,74,,2024-01-03,2024,1,1
2024-01-07,CFC,Thursday Service,,,462,462,,2024-01-03,2024,1,1
2024-01-07,CFC,First Service,617,77,,694,,2024-01-03,2024,1,1
2024-01-07,CFC,Second Service,1936,371,103,2410,,2024-01-03,2024,1,1
2024-01-07,CFC,Third Service,1524,333,113,1970,,2024-01-03,2024,1,1
2024-01-07,MSC,First Service,81,9,,90,,2024-01-03,2024,1,1
2024-01-07,MSC,Second Service,64,9,,73,,2024-01-03,2024,1,1
2024-01-07,RBL,First Service,83,16,,99,,2024-01-03,2024,1,1
2024-01-07,RBL,Second Service,82,31,,113,,2024-01-03,2024,1,1
2024-01-10,CFC,Wednesday Service,1015,382,431,1828,,2024-01-10,2024,1,1
2024-01-10,MSC,Wednesday Service,47,11,,58,,2024-01-10,2024,1,1
2024-01-10,RBL,Wednesday Service,71,9,,80,,2024-01-10,2024,1,1
2024-01-21,CFC,Thursday Service,,0,425,425,,2024-01-17,2024,1,1
2024-01-21,CFC,First Service,561,58,,619,,2024-01-17,2024,1,1
2024-01-21,CFC,Second Service,2163,443,130,2736,,2024-01-17,2024,1,1
2024-01-21,CFC,Third Service,1483,276,93,1852,,2024-01-17,2024,1,1
2024-01-21,MSC,First Service,75,15,,90,,2024-01-17,2024,1,1
2024-01-21,MSC,Second Service,68,11,,79,,2024-01-17,2024,1,1
2024-01-21,RBL,First Service,88,16,,104,,2024-01-17,2024,1,1
2024-01-21,RBL,Second Service,73,20,,93,,2024-01-17,2024,1,1
2024-01-24,CFC,Wednesday Service,849,367,914,2130,,2024-01-24,2024,1,1
2024-01-24,MSC,Wednesday Service,41,12,,53,,2024-01-24,2024,1,1
2024-01-24,RBL,Wednesday Service,65,9,,74,,2024-01-24,2024,1,1
2024-01-28,CFC,Thursday Service,,,806,806,,2024-01-24,2024,1,1
2024-01-28,CFC,First Service,577,79,,656,,2024-01-24,2024,1,1
2024-01-28,CFC,Second Service,2015,403,114,2532,,2024-01-24,2024,1,1
2024-01-28,CFC,Third Service,1446,292,107,1845,,2024-01-24,2024,1,1
2024-01-28,MSC,First Service,83,10,,93,,2024-01-24,2024,1,1
2024-01-28,MSC,Second Service,60,11,,71,,2024-01-24,2024,1,1
2024-01-28,RBL,First Service,80,18,,98,,2024-01-24,2024,1,1
2024-01-28,RBL,Second Service,65,18,,83,,2024-01-24,2024,1,1
2024-01-31,CFC,Wednesday Service,1004,349,698,2051,,2024-01-31,2024,1,1
2024-01-31,MSC,Wednesday Service,39,9,,48,,2024-01-31,2024,1,1
2024-01-31,RBL,Wednesday Service,51,,,51,,2024-01-31,2024,1,1
2024-02-04,CFC,Thursday Service,,,425,425,,2024-01-31,2024,2,1
2024-02-04,CFC,First Service,653,81,,734,,2024-01-31,2024,2,1
2024-02-04,CFC,Second Service,1784,368,140,2292,,2024-01-31,2024,2,1
2024-02-04,CFC,Third Service,1470,312,129,1911,,2024-01-31,2024,2,1
2024-02-04,MSC,First Service,83,18,,101,,2024-01-31,2024,2,1
2024-02-04,MSC,Second Service,69,15,,84,,2024-01-31,2024,2,1
2024-02-04,RBL,First Service,91,15,,106,,2024-01-31,2024,2,1
2024-02-04,RBL,Second Service,64,25,,89,,2024-01-31,2024,2,1
2024-02-07,CFC,Wednesday Service,1850,405,0,2255,,2024-02-07,2024,2,1
2024-02-07,MSC,Wednesday Service,43,10,,53,,2024-02-07,2024,2,1
2024-02-07,RBL,Wednesday Service,55,14,,69,,2024-02-07,2024,2,1
2024-02-11,CFC,Thursday Service,,,425,425,,2024-02-07,2024,2,1
2024-02-11,CFC,First Service,719,93,,812,,2024-02-07,2024,2,1
2024-02-11,CFC,Second Service,2175,421,145,2741,,2024-02-07,2024,2,1
2024-02-11,CFC,Third Service,1634,354,112,2100,,2024-02-07,2024,2,1
2024-02-11,MSC,First Service,90,8,,98,,2024-02-07,2024,2,1
2024-02-11,MSC,Second Service,78,17,,95,,2024-02-07,2024,2,1
2024-02-11,RBL,First Service,78,26,,104,,2024-02-07,2024,2,1
2024-02-11,RBL,Second Service,55,19,,74,,2024-02-07,2024,2,1
2024-02-14,CFC,Wednesday Service,859,380,397,1636,,2024-02-14,2024,2,1
2024-02-14,MSC,Wednesday Service,26,7,,33,,2024-02-14,2024,2,1
2024-02-14,RBL,Wednesday Service,37,0,,37,,2024-02-14,2024,2,1
2024-02-18,CFC,Thursday Service,,,428,428,,2024-02-14,2024,2,1
2024-02-18,CFC,First Service,542,83,,625,,2024-02-14,2024,2,1
2024-02-18,CFC,Second Service,1914,410,104,2428,,2024-02-14,2024,2,1
2024-02-18,CFC,Third Service,1308,300,99,1707,,2024-02-14,2024,2,1
2024-02-18,MSC,First Service,64,9,,73,,2024-02-14,2024,2,1
2024-02-18,MSC,Second Service,52,15,,67,,2024-02-14,2024,2,1
2024-02-18,RBL,First Service,76,21,,97,,2024-02-14,2024,2,1
2024-02-18,RBL,Second Service,79,23,,102,,2024-02-14,2024,2,1
2024-02-21,CFC,Wednesday Service,910,552,379,1841,,2024-02-21,2024,2,1
2024-02-21,MSC,Wednesday Service,35,5,,40,,2024-02-21,2024,2,1
2024-02-21,RBL,Wednesday Service,56,10,,66,,2024-02-21,2024,2,1
2024-02-25,CFC,Thursday Service,,,428,428,,2024-02-21,2024,2,1
2024-02-25,CFC,First Service,615,84,,699,,2024-02-21,2024,2,1
2024-02-25,CFC,Second Service,2085,442,122,2649,,2024-02-21,2024,2,1
2024-02-25,CFC,Third Service,1415,354,96,1865,,2024-02-21,2024,2,1
2024-02-25,CFC,First Service,95,16,,111,,2024-02-21,2024,2,1
2024-02-25,CFC,Second Service,64,21,,85,,2024-02-21,2024,2,1
2024-02-25,RBL,First Service,74,16,,90,,2024-02-21,2024,2,1
2024-02-25,RBL,Second Service,79,15,,94,,2024-02-21,2024,2,1
2024-02-28,CFC,Wednesday Service,974,386,501,1861,,2024-02-28,2024,2,1
2024-02-28,MSC,Wednesday Service,29,9,,38,,2024-02-28,2024,2,1
2024-02-28,RBL,Wednesday Service,37,7,,44,,2024-02-28,2024,2,1
2024-03-03,CFC,Thursday Service,,,490,490,,2024-02-28,2024,3,1
2024-03-03,CFC,First Service,562,82,,644,,2024-02-28,2024,3,1
2024-03-03,CFC,Second Service,1953,404,130,2487,,2024-02-28,2024,3,1
2024-03-03,CFC,Third Service,1384,320,80,1784,,2024-02-28,2024,3,1
2024-03-03,MSC,First Service,89,17,,106,,2024-02-28,2024,3,1
2024-03-03,MSC,Second Service,65,16,,81,,2024-02-28,2024,3,1
2024-03-03,RBL,First Service,67,20,,87,,2024-02-28,2024,3,1
2024-03-03,RBL,Second Service,75,26,,101,,2024-02-28,2024,3,1
2024-03-06,CFC,Wednesday Service,962,402,586,1950,,2024-03-06,2024,3,1
2024-03-10,CFC,Thursday Service,,14,470,484,,2024-03-06,2024,3,1
2024-03-10,CFC,First Service,458,55,,513,,2024-03-06,2024,3,1
2024-03-10,CFC,Second Service,1349,353,116,1818,,2024-03-06,2024,3,1
2024-03-10,CFC,Third Service,1577,330,77,1984,,2024-03-06,2024,3,1
2024-03-10,MSC,First Service,62,9,,71,,2024-03-06,2024,3,1
2024-03-10,MSC,Second Service,70,0,,70,,2024-03-06,2024,3,1
2024-03-10,RBL,First Service,56,14,,70,,2024-03-06,2024,3,1
2024-03-10,RBL,Second Service,57,29,,86,,2024-03-06,2024,3,1
2024-03-13,CFC,Wednesday Service,878,355,503,1736,,2024-03-13,2024,3,1
2024-03-17,CFC,Thursday Service,,17,509,526,,2024-03-13,2024,3,1
2024-03-17,CFC,First Service,538,66,,604,,2024-03-13,2024,3,1
2024-03-17,CFC,Second Service,1672,368,112,2152,,2024-03-13,2024,3,1
2024-03-17,CFC,Third Service,1427,318,78,1823,,2024-03-13,2024,3,1
2024-03-17,MSC,First Service,78,11,,89,,2024-03-13,2024,3,1
2024-03-17,MSC,Second Service,50,10,,60,,2024-03-13,2024,3,1
2024-03-17,RBL,First Service,71,12,,83,,2024-03-13,2024,3,1
2024-03-17,RBL,Second Service,79,29,,108,,2024-03-13,2024,3,1
2024-03-20,CFC,Wednesday Service,771,357,452,1580,,2024-03-20,2024,3,1
2024-03-24,CFC,Thursday Service,,15,551,566,,2024-03-20,2024,3,1
2024-03-24,CFC,First Service,573,60,,633,,2024-03-20,2024,3,1
2024-03-24,CFC,Second Service,2149,373,112,2634,,2024-03-20,2024,3,1
2024-03-24,CFC,Third Service,1607,355,92,2054,,2024-03-20,2024,3,1
2024-03-24,MSC,First Service,70,14,,84,,2024-03-20,2024,3,1
2024-03-24,MSC,Second Service,65,15,,80,,2024-03-20,2024,3,1
2024-03-24,RBL,First Service,79,14,,93,,2024-03-20,2024,3,1
2024-03-24,RBL,Second Service,76,23,,99,,2024-03-20,2024,3,1
2024-03-27,CFC,Wednesday Service,584,356,809,1749,,2024-03-27,2024,3,1
2024-03-31,CFC,First Service,1312,216,,1528,,2024-03-27,2024,3,1
2024-03-31,CFC,First Service,1094,146,,1240,,2024-03-27,2024,3,1
2024-03-31,CFC,First Service,1476,151,0,1627,,2024-03-27,2024,3,1
2024-03-31,CFC,Second Service,3347,539,,3886,,2024-03-27,2024,3,1
2024-03-31,CFC,Third Service,3693,355,0,4048,,2024-03-27,2024,3,1
2024-03-31,MSC,First Service,117,24,,141,,2024-03-27,2024,3,1
2024-03-31,MSC,Second Service,110,35,,145,,2024-03-27,2024,3,1
2024-03-31,RBL,First Service,114,21,,135,,2024-03-27,2024,3,1
2024-03-31,RBL,Second Service,129,36,,165,,2024-03-27,2024,3,1
2024-04-03,CFC,Wednesday Service,657,30,467,1154,,2024-04-03,2024,4,2
2024-04-07,CFC,Thursday Service,,17,513,530,,2024-04-03,2024,4,2
2024-04-07,CFC,First Service,673,70,,743,,2024-04-03,2024,4,2
2024-04-07,CFC,Second Service,2002,379,,2381,,2024-04-03,2024,4,2
2024-04-07,CFC,Third Service,1416,349,,1765,,2024-04-03,2024,4,2
2024-04-07,MSC,First Service,85,15,,100,,2024-04-03,2024,4,2
2024-04-07,MSC,Second Service,60,22,,82,,2024-04-03,2024,4,2
2024-04-07,RBL,First Service,75,22,,97,,2024-04-03,2024,4,2
2024-04-07,RBL,Second Service,68,25,,93,,2024-04-03,2024,4,2
2024-04-10,CFC,Wednesday Service,768,394,882,2044,,2024-04-10,2024,4,2
2024-04-14,CFC,Thursday Service,,19,525,544,,2024-04-10,2024,4,2
2024-04-14,CFC,First Service,583,74,,657,,2024-04-10,2024,4,2
2024-04-14,CFC,Second Service,1930,375,124,2429,,2024-04-10,2024,4,2
2024-04-14,CFC,Third Service,1464,394,96,1954,,2024-04-10,2024,4,2
2024-04-14,MSC,First Service,74,15,,89,,2024-04-10,2024,4,2
2024-04-14,MSC,Second Service,71,14,,85,,2024-04-10,2024,4,2
2024-04-14,RBL,First Service,73,16,,89,,2024-04-10,2024,4,2
2024-04-14,RBL,Second Service,72,27,,99,,2024-04-10,2024,4,2
2024-04-17,CFC,Wednesday Service,875,363,566,1804,,2024-04-17,2024,4,2
2024-04-21,CFC,Thursday Service,,16,551,567,,2024-04-17,2024,4,2
2024-04-21,CFC,First Service,659,62,,721,,2024-04-17,2024,4,2
2024-04-21,CFC,Second Service,1907,370,127,2404,,2024-04-17,2024,4,2
2024-04-21,CFC,Third Service,1384,291,109,1784,,2024-04-17,2024,4,2
2024-04-21,MSC,First Service,65,9,,74,,2024-04-17,2024,4,2
2024-04-21,MSC,Second Service,69,16,,85,,2024-04-17,2024,4,2
2024-04-21,RBL,First Service,74,17,,91,,2024-04-17,2024,4,2
2024-04-21,RBL,Second Service,74,34,,108,,2024-04-17,2024,4,2
2024-04-24,CFC,Wednesday Service,875,363,566,1804,,2024-04-24,2024,4,2
2024-04-28,CFC,Thursday Service,,27,788,815,,2024-04-24,2024,4,2
2024-04-28,CFC,First Service,633,79,,712,,2024-04-24,2024,4,2
2024-04-28,CFC,Second Service,1986,393,114,2493,,2024-04-24,2024,4,2
2024-04-28,CFC,Third Service,1473,393,80,1946,,2024-04-24,2024,4,2
2024-04-28,MSC,First Service,90,14,,104,,2024-04-24,2024,4,2
2024-04-28,MSC,Second Service,74,14,,88,,2024-04-24,2024,4,2
2024-04-28,RBL,First Service,72,17,,89,,2024-04-24,2024,4,2
2024-04-28,RBL,Second Service,63,36,,99,,2024-04-24,2024,4,2
2024-05-01,CFC,Wednesday Service,1755,431,0,2186,,2024-05-01,2024,5,2
2024-05-01,MSC,Wednesday Service,53,23,,76,,2024-05-01,2024,5,2
2024-05-01,RBL,Wednesday Service,66,5,,71,,2024-05-01,2024,5,2
2024-05-05,CFC,Thursday Service,,19,509,528,,2024-05-01,2024,5,2
2024-05-05,CFC,First Service,551,83,,634,,2024-05-01,2024,5,2
2024-05-05,CFC,Second Service,1983,372,110,2465,,2024-05-01,2024,5,2
2024-05-05,CFC,Third Service,1577,304,89,1970,,2024-05-01,2024,5,2
2024-05-05,MSC,First Service,70,16,,86,,2024-05-01,2024,5,2
2024-05-05,MSC,Second Service,97,25,,122,,2024-05-01,2024,5,2
2024-05-05,RBL,First Service,93,25,,118,,2024-05-01,2024,5,2
2024-05-05,RBL,Second Service,80,22,,102,,2024-05-01,2024,5,2
2024-05-08,CFC,Wednesday Service,893,362,460,1715,,2024-05-08,2024,5,2
2024-05-08,CFC,Wednesday Service,23,3,,26,,2024-05-08,2024,5,2
2024-05-08,CFC,Wednesday Service,40,6,,46,,2024-05-08,2024,5,2
2024-05-12,CFC,Thursday Service,,19,804,823,,2024-05-08,2024,5,2
2024-05-12,CFC,First Service,719,80,,799,,2024-05-08,2024,5,2
2024-05-12,CFC,Second Service,2345,430,,2775,,2024-05-08,2024,5,2
2024-05-12,CFC,Third Service,1924,339,,2263,,2024-05-08,2024,5,2
2024-05-12,MSC,First Service,76,13,,89,,2024-05-08,2024,5,2
2024-05-12,MSC,Second Service,76,32,,108,,2024-05-08,2024,5,2
2024-05-12,RBL,First Service,91,14,,105,,2024-05-08,2024,5,2
2024-05-12,RBL,Second Service,79,14,,93,,2024-05-08,2024,5,2
2024-05-15,CFC,Wednesday Service,897,351,489,1737,,2024-05-15,2024,5,2
2024-05-15,CFC,Wednesday Service,35,5,,40,,2024-05-15,2024,5,2
2024-05-15,CFC,Wednesday Service,46,6,,52,,2024-05-15,2024,5,2
2024-05-19,CFC,Thursday Service,,12,444,456,,2024-05-15,2024,5,2
2024-05-19,CFC,First Service,580,70,,650,,2024-05-15,2024,5,2
2024-05-19,CFC,Second Service,1945,364,111,2420,,2024-05-15,2024,5,2
2024-05-19,CFC,Third Service,1241,321,110,1672,,2024-05-15,2024,5,2
2024-05-19,MSC,First Service,71,17,,88,,2024-05-15,2024,5,2
2024-05-19,MSC,Second Service,65,18,,83,,2024-05-15,2024,5,2
2024-05-19,RBL,First Service,86,25,,111,,2024-05-15,2024,5,2
2024-05-19,RBL,Second Service,54,23,,77,,2024-05-15,2024,5,2
2024-05-22,CFC,Wednesday Service,751,376,441,1568,,2024-05-22,2024,5,2
2024-05-22,MSC,Wednesday Service,23,0,,23,,2024-05-22,2024,5,2
2024-05-22,RBL,Wednesday Service,39,11,,50,,2024-05-22,2024,5,2
2024-05-26,CFC,Thursday Service,,13,445,458,,2024-05-22,2024,5,2
2024-05-26,CFC,First Service,610,78,,688,,2024-05-22,2024,5,2
2024-05-26,CFC,Second Service,1984,343,119,2446,,2024-05-22,2024,5,2
2024-05-26,CFC,Third Service,1475,278,78,1831,,2024-05-22,2024,5,2
2024-05-26,MSC,First Service,64,16,,80,,2024-05-22,2024,5,2
2024-05-26,MSC,Second Service,65,23,,88,,2024-05-22,2024,5,2
2024-05-26,RBL,First Service,84,15,,99,,2024-05-22,2024,5,2
2024-05-26,RBL,Second Service,47,27,,74,,2024-05-22,2024,5,2
2024-05-29,CFC,Wednesday Service,820,331,657,1808,,2024-05-29,2024,5,2
2024-05-29,MSC,Wednesday Service,35,12,,47,,2024-05-29,2024,5,2
2024-05-29,RBL,Wednesday Service,54,10,,64,,2024-05-29,2024,5,2
2024-06-02,CFC,Thursday Service,,14,474,488,,2024-05-29,2024,6,2
2024-06-02,CFC,First Service,628,76,,704,,2024-05-29,2024,6,2
2024-06-02,CFC,Second Service,2054,361,114,2529,,2024-05-29,2024,6,2
2024-06-02,CFC,Third Service,1494,310,101,1905,,2024-05-29,2024,6,2
2024-06-02,MSC,First Service,84,24,,108,,2024-05-29,2024,6,2
2024-06-02,MSC,Second Service,70,15,,85,,2024-05-29,2024,6,2
2024-06-02,RBL,First Service,61,12,,73,,2024-05-29,2024,6,2
2024-06-02,RBL,Second Service,85,32,,117,,2024-05-29,2024,6,2
2024-06-05,CFC,Wednesday Service,918,671,372,1961,,2024-06-05,2024,6,2
2024-06-09,CFC,Thursday Service,,13,454,467,,2024-06-05,2024,6,2
2024-06-09,CFC,First Service,702,76,,778,,2024-06-05,2024,6,2
2024-06-09,CFC,Second Service,2002,358,112,2472,,2024-06-05,2024,6,2
2024-06-09,CFC,Third Service,1547,310,101,1958,,2024-06-05,2024,6,2
2024-06-09,MSC,First Service,88,12,,100,,2024-06-05,2024,6,2
2024-06-09,MSC,Second Service,71,25,,96,,2024-06-05,2024,6,2
2024-06-09,RBL,First Service,75,27,,102,,2024-06-05,2024,6,2
2024-06-09,RBL,Second Service,58,23,,81,,2024-06-05,2024,6,2
2024-06-12,CFC,Wednesday Service,878,338,372,1588,,2024-06-12,2024,6,2
2024-06-16,CFC,Thursday Service,,24,635,659,,2024-06-12,2024,6,2
2024-06-16,CFC,First Service,542,75,,617,,2024-06-12,2024,6,2
2024-06-16,CFC,Second Service,1855,305,0,2160,,2024-06-12,2024,6,2
2024-06-16,CFC,Third Service,1216,257,0,1473,,2024-06-12,2024,6,2
2024-06-16,MSC,First Service,90,11,,101,,2024-06-12,2024,6,2
2024-06-16,MSC,Second Service,65,14,,79,,2024-06-12,2024,6,2
2024-06-16,RBL,First Service,75,17,,92,,2024-06-12,2024,6,2
2024-06-16,RBL,Second Service,65,27,,92,,2024-06-12,2024,6,2
2024-06-19,CFC,Wednesday Service,752,372,564,1688,,2024-06-19,2024,6,2
2024-06-23,CFC,Thursday Service,,15,500,515,,2024-06-19,2024,6,2
2024-06-23,CFC,First Service,524,66,,590,,2024-06-19,2024,6,2
2024-06-23,CFC,Second Service,1710,366,110,2186,,2024-06-19,2024,6,2
2024-06-23,CFC,Third Service,1284,306,140,1730,,2024-06-19,2024,6,2
2024-06-23,MSC,First Service,73,12,,85,,2024-06-19,2024,6,2
2024-06-23,MSC,Second Service,60,22,,82,,2024-06-19,2024,6,2
2024-06-23,RBL,First Service,85,16,,101,,2024-06-19,2024,6,2
2024-06-23,RBL,Second Service,68,30,,98,,2024-06-19,2024,6,2
2024-06-26,CFC,Wednesday Service,856,315,519,1690,,2024-06-26,2024,6,2
2024-06-30,CFC,Thursday Service,,17,516,533,,2024-06-26,2024,6,2
2024-06-30,CFC,First Service,601,89,,690,,2024-06-26,2024,6,2
2024-06-30,CFC,Second Service,1912,324,165,2401,,2024-06-26,2024,6,2
2024-06-30,CFC,Third Service,1353,297,133,1783,,2024-06-26,2024,6,2
2024-06-30,MSC,First Service,75,12,,87,,2024-06-26,2024,6,2
2024-06-30,MSC,Second Service,63,19,,82,,2024-06-26,2024,6,2
2024-06-30,RBL,First Service,56,10,,66,,2024-06-26,2024,6,2
2024-06-30,RBL,Second Service,64,28,,92,,2024-06-26,2024,6,2
2024-07-03,CFC,Wednesday Service,841,255,468,1564,,2024-07-03,2024,7,3
2024-07-07,CFC,First Service,562,71,,633,,2024-07-03,2024,7,3
2024-07-07,CFC,Second Service,1839,278,0,2117,,2024-07-03,2024,7,3
2024-07-07,CFC,Third Service,1433,254,0,1687,,2024-07-03,2024,7,3
2024-07-07,MSC,First Service,94,9,,103,,2024-07-03,2024,7,3
2024-07-07,MSC,Second Service,85,19,,104,,2024-07-03,2024,7,3
2024-07-07,RBL,First Service,89,16,,105,,2024-07-03,2024,7,3
2024-07-07,RBL,Second Service,66,10,,76,,2024-07-03,2024,7,3
2024-07-10,CFC,Wednesday Service,779,287,514,1580,,2024-07-10,2024,7,3
2024-07-14,CFC,Thursday Service,,17,495,512,,2024-07-10,2024,7,3
2024-07-14,CFC,First Service,548,60,,608,,2024-07-10,2024,7,3
2024-07-14,CFC,Second Service,2246,306,144,2696,,2024-07-10,2024,7,3
2024-07-14,CFC,Third Service,1432,291,104,1827,,2024-07-10,2024,7,3
2024-07-14,MSC,First Service,63,11,,74,,2024-07-10,2024,7,3
2024-07-14,MSC,Second Service,54,10,,64,,2024-07-10,2024,7,3
2024-07-14,RBL,First Service,74,18,,92,,2024-07-10,2024,7,3
2024-07-14,RBL,Second Service,69,24,,93,,2024-07-10,2024,7,3
2024-07-17,CFC,Wednesday Service,794,263,521,1578,,2024-07-17,2024,7,3
2024-07-21,CFC,Thursday Service,,17,512,529,,2024-07-17,2024,7,3
2024-07-21,CFC,First Service,577,61,,638,,2024-07-17,2024,7,3
2024-07-21,CFC,Second Service,1895,335,147,2377,,2024-07-17,2024,7,3
2024-07-21,CFC,Third Service,1265,275,114,1654,,2024-07-17,2024,7,3
2024-07-21,MSC,First Service,80,16,,96,,2024-07-17,2024,7,3
2024-07-21,MSC,Second Service,61,12,,73,,2024-07-17,2024,7,3
2024-07-21,RBL,First Service,83,21,,104,,2024-07-17,2024,7,3
2024-07-21,RBL,Second Service,82,39,,121,,2024-07-17,2024,7,3
2024-07-24,CFC,Wednesday Service,841,272,844,1957,,2024-07-24,2024,7,3
2024-07-28,CFC,Thursday Service,,13,452,465,,2024-07-24,2024,7,3
2024-07-28,CFC,First Service,644,62,,706,,2024-07-24,2024,7,3
2024-07-28,CFC,Second Service,1860,314,143,2317,,2024-07-24,2024,7,3
2024-07-28,CFC,Third Service,1679,266,101,2046,,2024-07-24,2024,7,3
2024-07-28,MSC,First Service,72,11,,83,,2024-07-24,2024,7,3
2024-07-28,MSC,Second Service,74,18,,92,,2024-07-24,2024,7,3
2024-07-28,RBL,First Service,77,12,,89,,2024-07-24,2024,7,3
2024-07-28,RBL,Second Service,74,33,,107,,2024-07-24,2024,7,3
2024-07-31,CFC,Wednesday Service,1662,215,,1877,,2024-07-31,2024,7,3
2024-08-04,CFC,Thursday Service,,19,645,664,,2024-07-31,2024,8,3
2024-08-04,CFC,First Service,688,84,,772,,2024-07-31,2024,8,3
2024-08-04,CFC,Second Service,1960,323,133,2416,,2024-07-31,2024,8,3
2024-08-04,CFC,Third Service,1150,263,115,1528,,2024-07-31,2024,8,3
2024-08-04,MSC,First Service,75,22,,97,,2024-07-31,2024,8,3
2024-08-04,MSC,Second Service,55,17,,72,,2024-07-31,2024,8,3
2024-08-04,RBL,First Service,84,25,,109,,2024-07-31,2024,8,3
2024-08-04,RBL,Second Service,70,28,,98,,2024-07-31,2024,8,3
2024-08-07,CFC,Wednesday Service,1129,263,,1392,,2024-08-07,2024,8,3
2024-08-11,CFC,Thursday Service,,9,300,309,,2024-08-07,2024,8,3
2024-08-11,CFC,First Service,680,86,,766,,2024-08-07,2024,8,3
2024-08-11,CFC,Second Service,2145,361,0,2506,,2024-08-07,2024,8,3
2024-08-11,CFC,Third Service,1920,306,0,2226,,2024-08-07,2024,8,3
2024-08-11,MSC,First Service,105,16,,121,,2024-08-07,2024,8,3
2024-08-11,MSC,Second Service,60,14,,74,,2024-08-07,2024,8,3
2024-08-11,RBL,First Service,92,13,,105,,2024-08-07,2024,8,3
2024-08-11,RBL,Second Service,89,32,,121,,2024-08-07,2024,8,3
2024-08-14,CFC,Wednesday Service,896,369,501,1766,,2024-08-14,2024,8,3
2024-08-14,MSC,Wednesday Service,24,3,,27,,2024-08-14,2024,8,3
2024-08-14,RBL,Wednesday Service,78,15,,93,,2024-08-14,2024,8,3
2024-08-18,CFC,Thursday Service,,13,513,526,,2024-08-14,2024,8,3
2024-08-18,CFC,First Service,759,72,,831,,2024-08-14,2024,8,3
2024-08-18,CFC,Second Service,2203,390,162,2755,,2024-08-14,2024,8,3
2024-08-18,CFC,Third Service,1622,359,118,2099,,2024-08-14,2024,8,3
2024-08-18,MSC,First Service,70,15,,85,,2024-08-14,2024,8,3
2024-08-18,MSC,Second Service,85,24,,109,,2024-08-14,2024,8,3
2024-08-18,RBL,First Service,85,12,,97,,2024-08-14,2024,8,3
2024-08-18,RBL,Second Service,85,26,,111,,2024-08-14,2024,8,3
2024-08-21,CFC,Wednesday Service,929,403,545,1877,,2024-08-21,2024,8,3
2024-08-21,MSC,Wednesday Service,33,10,,43,,2024-08-21,2024,8,3
2024-08-21,RBL,Wednesday Service,56,5,,61,,2024-08-21,2024,8,3
2024-08-25,CFC,Thursday Service,,12,520,532,,2024-08-21,2024,8,3
2024-08-25,CFC,First Service,667,70,,737,,2024-08-21,2024,8,3
2024-08-25,CFC,Second Service,2124,393,159,2676,,2024-08-21,2024,8,3
2024-08-25,CFC,Third Service,1636,330,143,2109,,2024-08-21,2024,8,3
2024-08-25,MSC,First Service,79,21,,100,,2024-08-21,2024,8,3
2024-08-25,MSC,Second Service,70,15,,85,,2024-08-21,2024,8,3
2024-08-25,RBL,First Service,88,15,,103,,2024-08-21,2024,8,3
2024-08-25,RBL,Second Service,80,27,,107,,2024-08-21,2024,8,3
2024-08-28,CFC,Wednesday Service,1109,431,876,2416,,2024-08-28,2024,8,3
2024-08-28,MSC,Wednesday Service,30,7,,37,,2024-08-28,2024,8,3
2024-08-28,RBL,Wednesday Service,54,8,,62,,2024-08-28,2024,8,3
2024-09-01,CFC,Thursday Service,,24,750,774,,2024-08-28,2024,9,3
2024-09-01,CFC,First Service,568,69,,637,,2024-08-28,2024,9,3
2024-09-01,CFC,Second Service,2029,336,118,2483,,2024-08-28,2024,9,3
2024-09-01,CFC,Third Service,1461,327,96,1884,,2024-08-28,2024,9,3
2024-09-01,MSC,First Service,48,13,,61,,2024-08-28,2024,9,3
2024-09-01,MSC,Second Service,48,7,,55,,2024-08-28,2024,9,3
2024-09-01,RBL,First Service,69,10,,79,,2024-08-28,2024,9,3
2024-09-01,RBL,Second Service,65,28,,93,,2024-08-28,2024,9,3
2024-09-04,CFC,Wednesday Service,917,435,560,1912,,2024-09-04,2024,9,3
2024-09-04,MSC,Wednesday Service,30,7,,37,,2024-09-04,2024,9,3
2024-09-04,RBL,Wednesday Service,49,7,,56,,2024-09-04,2024,9,3
2024-09-08,CFC,Thursday Service,,15,560,575,,2024-09-04,2024,9,3
2024-09-08,CFC,First Service,622,84,,706,,2024-09-04,2024,9,3
2024-09-08,CFC,Second Service,2137,369,115,2621,,2024-09-04,2024,9,3
2024-09-08,CFC,Third Service,1673,310,113,2096,,2024-09-04,2024,9,3
2024-09-08,MSC,First Service,80,19,,99,,2024-09-04,2024,9,3
2024-09-08,MSC,Second Service,90,26,,116,,2024-09-04,2024,9,3
2024-09-08,RBL,First Service,85,14,,99,,2024-09-04,2024,9,3
2024-09-08,RBL,Second Service,73,34,,107,,2024-09-04,2024,9,3
2024-09-11,CFC,Wednesday Service,909,435,577,1921,,2024-09-11,2024,9,3
2024-09-11,MSC,Wednesday Service,26,7,,33,,2024-09-11,2024,9,3
2024-09-11,RBL,Wednesday Service,51,10,,61,,2024-09-11,2024,9,3
2024-09-15,CFC,Thursday Service,,12,576,588,,2024-09-11,2024,9,3
2024-09-15,CFC,First Service,626,74,,700,,2024-09-11,2024,9,3
2024-09-15,CFC,Second Service,2041,396,148,2585,,2024-09-11,2024,9,3
2024-09-15,CFC,Third Service,1706,342,131,2179,,2024-09-11,2024,9,3
2024-09-15,MSC,First Service,86,18,,104,,2024-09-11,2024,9,3
2024-09-15,MSC,Second Service,72,19,,91,,2024-09-11,2024,9,3
2024-09-15,RBL,First Service,75,12,,87,,2024-09-11,2024,9,3
2024-09-15,RBL,Second Service,60,35,,95,,2024-09-11,2024,9,3
2024-09-18,CFC,Wednesday Service,980,415,575,1970,,2024-09-18,2024,9,3
2024-09-18,MSC,Wednesday Service,26,5,,31,,2024-09-18,2024,9,3
2024-09-18,RBL,Wednesday Service,40,10,,50,,2024-09-18,2024,9,3
2024-09-22,CFC,Thursday Service,,10,527,537,,2024-09-18,2024,9,3
2024-09-22,CFC,First Service,586,74,,660,,2024-09-18,2024,9,3
2024-09-22,CFC,Second Service,1831,396,0,2227,,2024-09-18,2024,9,3
2024-09-22,CFC,Third Service,1716,342,0,2058,,2024-09-18,2024,9,3
2024-09-22,CFC,Special Event,550,,,550,,2024-09-18,2024,9,3
2024-09-22,MSC,First Service,90,19,,109,,2024-09-18,2024,9,3
2024-09-22,MSC,Second Service,60,21,,81,,2024-09-18,2024,9,3
2024-09-22,RBL,First Service,75,17,,92,,2024-09-18,2024,9,3
2024-09-22,RBL,Second Service,60,27,,87,,2024-09-18,2024,9,3
2024-09-25,CFC,Wednesday Service,615,287,501,1403,,2024-09-25,2024,9,3
2024-09-25,MSC,Wednesday Service,23,10,,33,,2024-09-25,2024,9,3
2024-09-25,RBL,Wednesday Service,31,4,,35,,2024-09-25,2024,9,3
2024-09-29,CFC,Thursday Service,,4,296,300,,2024-09-25,2024,9,3
2024-09-29,CFC,First Service,637,75,,712,,2024-09-25,2024,9,3
2024-09-29,CFC,Second Service,2028,402,154,2584,,2024-09-25,2024,9,3
2024-09-29,CFC,Third Service,1478,337,135,1950,,2024-09-25,2024,9,3
2024-09-29,MSC,First Service,82,19,,101,,2024-09-25,2024,9,3
2024-09-29,MSC,Second Service,80,24,,104,,2024-09-25,2024,9,3
2024-09-29,RBL,First Service,78,20,,98,,2024-09-25,2024,9,3
2024-09-29,RBL,Second Service,69,39,,108,,2024-09-25,2024,9,3
2024-10-02,CFC,Wednesday Service,856,337,649,1842,,2024-10-02,2024,10,4
2024-10-02,MSC,Wednesday Service,26,9,,35,,2024-10-02,2024,10,4
2024-10-02,RBL,Wednesday Service,53,14,,67,,2024-10-02,2024,10,4
2024-10-06,CFC,Thursday Service,,,482,482,,2024-10-02,2024,10,4
2024-10-06,CFC,First Service,653,67,,720,,2024-10-02,2024,10,4
2024-10-06,CFC,Second Service,1830,337,114,2281,,2024-10-02,2024,10,4
2024-10-06,CFC,Third Service,1381,241,104,1726,,2024-10-02,2024,10,4
2024-10-06,CFC,Special Event,943,,,943,,2024-10-02,2024,10,4
2024-10-06,MSC,First Service,84,13,,97,,2024-10-02,2024,10,4
2024-10-06,MSC,Second Service,67,15,,82,,2024-10-02,2024,10,4
2024-10-06,RBL,First Service,70,14,,84,,2024-10-02,2024,10,4
2024-10-06,RBL,Second Service,51,36,,87,,2024-10-02,2024,10,4
2024-10-07,CFC,First Service,723,,,723,,2024-10-09,2024,10,4
2024-10-13,CFC,First Service,600,82,,682,,2024-10-09,2024,10,4
2024-10-13,CFC,Second Service,2048,384,145,2577,,2024-10-09,2024,10,4
2024-10-13,CFC,Third Service,1831,368,111,2310,,2024-10-09,2024,10,4
2024-10-13,MSC,First Service,80,14,,94,,2024-10-09,2024,10,4
2024-10-13,MSC,Second Service,71,22,,93,,2024-10-09,2024,10,4
2024-10-13,RBL,First Service,74,20,,94,,2024-10-09,2024,10,4
2024-10-13,RBL,Second Service,70,29,,99,,2024-10-09,2024,10,4
2024-10-16,CFC,Wednesday Service,2447,66,,2513,,2024-10-16,2024,10,4
2024-10-20,CFC,Thursday Service,,5,300,305,,2024-10-16,2024,10,4
2024-10-20,CFC,First Service,682,66,,748,,2024-10-16,2024,10,4
2024-10-20,CFC,Second Service,2364,354,0,2718,,2024-10-16,2024,10,4
2024-10-20,CFC,Third Service,1706,316,0,2022,,2024-10-16,2024,10,4
2024-10-20,CFC,Special Event,458,,,458,,2024-10-16,2024,10,4
2024-10-20,MSC,First Service,94,16,,110,,2024-10-16,2024,10,4
2024-10-20,MSC,Second Service,92,21,,113,,2024-10-16,2024,10,4
2024-10-20,RBL,First Service,65,15,,80,,2024-10-16,2024,10,4
2024-10-20,RBL,Second Service,58,35,,93,,2024-10-16,2024,10,4
2024-10-23,CFC,Wednesday Service,1031,420,571,2022,,2024-10-23,2024,10,4
2024-10-23,MSC,Wednesday Service,28,5,,33,,2024-10-23,2024,10,4
2024-10-23,RBL,Wednesday Service,45,8,,53,,2024-10-23,2024,10,4
2024-10-27,CFC,Thursday Service,,10,456,466,,2024-10-23,2024,10,4
2024-10-27,CFC,First Service,587,75,,662,,2024-10-23,2024,10,4
2024-10-27,CFC,Second Service,2084,359,138,2581,,2024-10-23,2024,10,4
2024-10-27,CFC,Third Service,1541,340,118,1999,,2024-10-23,2024,10,4
2024-10-27,MSC,First Service,77,12,,89,,2024-10-23,2024,10,4
2024-10-27,MSC,Second Service,72,16,,88,,2024-10-23,2024,10,4
2024-10-27,RBL,First Service,66,13,,79,,2024-10-23,2024,10,4
2024-10-27,RBL,Second Service,76,28,,104,,2024-10-23,2024,10,4
2024-10-30,CFC,Wednesday Service,819,342,469,1630,,2024-10-30,2024,10,4
2024-11-03,CFC,Thursday Service,,9,371,380,,2024-10-30,2024,11,4
2024-11-03,CFC,First Service,742,80,,822,,2024-10-30,2024,11,4
2024-11-03,CFC,Second Service,2163,394,149,2706,,2024-10-30,2024,11,4
2024-11-03,CFC,Third Service,1453,304,96,1853,,2024-10-30,2024,11,4
2024-11-03,MSC,First Service,102,21,,123,,2024-10-30,2024,11,4
2024-11-03,MSC,Second Service,82,24,,106,,2024-10-30,2024,11,4
2024-11-03,RBL,First Service,90,18,,108,,2024-10-30,2024,11,4
2024-11-03,RBL,Second Service,63,25,,88,,2024-10-30,2024,11,4
2024-11-06,CFC,Wednesday Service,903,430,465,1798,,2024-11-06,2024,11,4
2024-11-10,CFC,Thursday Service,,17,500,517,,2024-11-06,2024,11,4
2024-11-10,CFC,First Service,625,83,,708,,2024-11-06,2024,11,4
2024-11-10,CFC,Second Service,1938,364,115,2417,,2024-11-06,2024,11,4
2024-11-10,CFC,Third Service,1401,315,89,1805,,2024-11-06,2024,11,4
2024-11-10,MSC,First Service,88,12,,100,,2024-11-06,2024,11,4
2024-11-10,MSC,Second Service,62,19,18,99,,2024-11-06,2024,11,4
2024-11-10,RBL,First Service,82,15,,97,,2024-11-06,2024,11,4
2024-11-10,RBL,Second Service,51,20,,71,,2024-11-06,2024,11,4
2024-11-13,CFC,Wednesday Service,809,407,499,1715,,2024-11-13,2024,11,4
2024-11-17,CFC,Thursday Service,,13,427,440,,2024-11-13,2024,11,4
2024-11-17,CFC,First Service,671,74,,745,,2024-11-13,2024,11,4
2024-11-17,CFC,Second Service,2080,345,121,2546,,2024-11-13,2024,11,4
2024-11-17,CFC,Third Service,1674,314,89,2077,,2024-11-13,2024,11,4
2024-11-17,MSC,First Service,81,13,,94,,2024-11-13,2024,11,4
2024-11-17,MSC,Second Service,67,15,12,94,,2024-11-13,2024,11,4
2024-11-17,RBL,First Service,65,17,,82,,2024-11-13,2024,11,4
2024-11-17,RBL,Second Service,63,33,,96,,2024-11-13,2024,11,4
2024-11-20,CFC,Wednesday Service,890,402,490,1782,,2024-11-20,2024,11,4
2024-11-24,CFC,Thursday Service,,12,422,434,,2024-11-20,2024,11,4
2024-11-24,CFC,First Service,561,78,,639,,2024-11-20,2024,11,4
2024-11-24,CFC,Second Service,1845,301,110,2256,,2024-11-20,2024,11,4
2024-11-24,CFC,Third Service,1249,337,90,1676,,2024-11-20,2024,11,4
2024-11-24,MSC,First Service,87,13,,100,,2024-11-20,2024,11,4
2024-11-24,MSC,Second Service,67,36,14,117,,2024-11-20,2024,11,4
2024-11-24,RBL,First Service,76,18,,94,,2024-11-20,2024,11,4
2024-11-24,RBL,Second Service,61,33,,94,,2024-11-20,2024,11,4
2024-11-27,CFC,Wednesday Service,,,,0,,2024-11-27,2024,11,4
2024-12-01,CFC,Thursday Service,,,,0,,2024-11-27,2024,12,4
2024-12-01,CFC,First Service,532,76,,608,,2024-11-27,2024,12,4
2024-12-01,CFC,Second Service,1912,312,,2224,,2024-11-27,2024,12,4
2024-12-01,CFC,Third Service,1332,314,,1646,,2024-11-27,2024,12,4
2024-12-01,MSC,First Service,77,14,,91,,2024-11-27,2024,12,4
2024-12-01,MSC,Second Service,65,11,14,90,,2024-11-27,2024,12,4
2024-12-01,RBL,First Service,73,16,,89,,2024-11-27,2024,12,4
2024-12-01,RBL,Second Service,50,26,,76,,2024-11-27,2024,12,4
2024-12-04,CFC,Wednesday Service,821,349,496,1666,,2024-12-04,2024,12,4
2024-12-08,CFC,Thursday Service,,11,429,440,,2024-12-04,2024,12,4
2024-12-08,CFC,First Service,551,82,,633,,2024-12-04,2024,12,4
2024-12-08,CFC,Second Service,1833,317,112,2262,,2024-12-04,2024,12,4
2024-12-08,CFC,Third Service,1268,286,98,1652,,2024-12-04,2024,12,4
2024-12-08,MSC,First Service,104,15,,119,,2024-12-04,2024,12,4
2024-12-08,MSC,Second Service,64,26,10,100,,2024-12-04,2024,12,4
2024-12-08,RBL,First Service,96,20,,116,,2024-12-04,2024,12,4
2024-12-08,RBL,Second Service,65,34,,99,,2024-12-04,2024,12,4
2024-12-11,CFC,Wednesday Service,663,370,873,1906,,2024-12-11,2024,12,4
2024-12-15,CFC,Thursday Service,,25,676,701,,2024-12-11,2024,12,4
2024-12-15,CFC,First Service,577,65,,642,,2024-12-11,2024,12,4
2024-12-15,CFC,Second Service,1766,300,,2066,,2024-12-11,2024,12,4
2024-12-15,CFC,Third Service,1095,254,,1349,,2024-12-11,2024,12,4
2024-12-15,MSC,First Service,88,27,,115,,2024-12-11,2024,12,4
2024-12-15,MSC,Second Service,71,38,13,122,,2024-12-11,2024,12,4
2024-12-15,RBL,First Service,83,19,,102,,2024-12-11,2024,12,4
2024-12-15,RBL,Second Service,66,39,,105,,2024-12-11,2024,12,4
2024-12-18,CFC,Wednesday Service,1871,,,1871,,2024-12-18,2024,12,4
2024-12-22,CFC,First Service,929,58,,987,,2024-12-18,2024,12,4
2024-12-22,CFC,Second Service,2480,313,,2793,,2024-12-18,2024,12,4
2024-12-22,CFC,Third Service,2114,280,,2394,,2024-12-18,2024,12,4
2024-12-22,MSC,First Service,90,,,90,,2024-12-18,2024,12,4
2024-12-22,MSC,Second Service,92,,,92,,2024-12-18,2024,12,4
2024-12-22,RBL,First Service,76,,,76,,2024-12-18,2024,12,4
2024-12-22,RBL,Second Service,61,,,61,,2024-12-18,2024,12,4
2024-12-24,CFC,Wednesday Service,2200,,,2200,,2024-12-25,2024,12,4
2024-12-24,MSC,Wednesday Service,55,,,55,,2024-12-25,2024,12,4
2024-12-24,RBL,Wednesday Service,101,,,101,,2024-12-25,2024,12,4
2024-12-29,CFC,First Service,599,72,,671,,2024-12-25,2024,12,4
2024-12-29,CFC,Second Service,2150,329,,2479,,2024-12-25,2024,12,4
2024-12-29,CFC,Third Service,1474,323,,1797,,2024-12-25,2024,12,4
2024-12-29,MSC,First Service,67,11,,78,,2024-12-25,2024,12,4
2024-12-29,MSC,Second Service,61,15,,76,,2024-12-25,2024,12,4
2024-12-29,RBL,First Service,70,9,,79,,2024-12-25,2024,12,4
2024-12-29,RBL,Second Service,79,46,,125,,2024-12-25,2024,12,4
2024-12-31,CFC,Wednesday Service,2567,,,2567,,2025-01-01,2024,12,4
2025-01-05,CFC,Thursday Service,,10,418,428,,2025-01-01,2025,1,1
2025-01-05,CFC,First Service,657,88,,745,,2025-01-01,2025,1,1
2025-01-05,CFC,Second Service,1999,340,88,2427,,2025-01-01,2025,1,1
2025-01-05,CFC,Third Service,1671,329,74,2074,,2025-01-01,2025,1,1
2025-01-05,MSC,First Service,73,8,,81,,2025-01-01,2025,1,1
2025-01-05,MSC,Second Service,71,21,16,108,,2025-01-01,2025,1,1
2025-01-05,RBL,First Service,73,15,,88,,2025-01-01,2025,1,1
2025-01-05,RBL,Second Service,87,27,,114,,2025-01-01,2025,1,1
2025-01-08,CFC,Wednesday Service,960,374,468,1802,,2025-01-08,2025,1,1
2025-01-08,MSC,Wednesday Service,29,2,,31,,2025-01-08,2025,1,1
2025-01-08,RBL,Wednesday Service,48,7,,55,,2025-01-08,2025,1,1
2025-01-12,CFC,Thursday Service,,12,492,504,,2025-01-08,2025,1,1
2025-01-12,CFC,First Service,668,90,,758,,2025-01-08,2025,1,1
2025-01-12,CFC,Second Service,2148,423,117,2688,,2025-01-08,2025,1,1
2025-01-12,CFC,Third Service,1541,342,118,2001,,2025-01-08,2025,1,1
2025-01-12,MSC,First Service,98,12,,110,,2025-01-08,2025,1,1
2025-01-12,MSC,Second Service,79,20,13,112,,2025-01-08,2025,1,1
2025-01-12,RBL,First Service,77,17,,94,,2025-01-08,2025,1,1
2025-01-12,RBL,Second Service,59,28,,87,,2025-01-08,2025,1,1
2025-01-15,CFC,Wednesday Service,936,405,489,1830,,2025-01-15,2025,1,1
2025-01-15,MSC,Wednesday Service,27,9,,36,,2025-01-15,2025,1,1
2025-01-15,RBL,Wednesday Service,44,8,,52,,2025-01-15,2025,1,1
2025-01-19,CFC,Thursday Service,,15,511,526,,2025-01-15,2025,1,1
2025-01-19,CFC,First Service,697,75,,772,,2025-01-15,2025,1,1
2025-01-19,CFC,Second Service,2002,356,122,2480,,2025-01-15,2025,1,1
2025-01-19,CFC,Third Service,1643,347,77,2067,,2025-01-15,2025,1,1
2025-01-19,MSC,First Service,71,13,,84,,2025-01-15,2025,1,1
2025-01-19,MSC,Second Service,80,34,15,129,,2025-01-15,2025,1,1
2025-01-19,RBL,First Service,85,14,,99,,2025-01-15,2025,1,1
2025-01-19,RBL,Second Service,73,38,,111,,2025-01-15,2025,1,1
2025-01-22,CFC,Wednesday Service,751,339,805,1895,,2025-01-22,2025,1,1
2025-01-22,MSC,Wednesday Service,24,8,,32,,2025-01-22,2025,1,1
2025-01-22,RBL,Wednesday Service,22,3,,25,,2025-01-22,2025,1,1
2025-01-26,CFC,Thursday Service,,26,695,721,,2025-01-22,2025,1,1
2025-01-26,CFC,First Service,603,75,,678,,2025-01-22,2025,1,1
2025-01-26,CFC,Second Service,2066,374,94,2534,,2025-01-22,2025,1,1
2025-01-26,CFC,Third Service,1585,327,110,2022,,2025-01-22,2025,1,1
2025-01-26,MSC,First Service,62,11,,73,,2025-01-22,2025,1,1
2025-01-26,MSC,Second Service,73,30,18,121,,2025-01-22,2025,1,1
2025-01-26,RBL,First Service,68,17,,85,,2025-01-22,2025,1,1
2025-01-26,RBL,Second Service,78,33,,111,,2025-01-22,2025,1,1
2025-01-29,CFC,Wednesday Service,819,351,804,1974,,2025-01-29,2025,1,1
2025-01-29,MSC,Wednesday Service,21,5,,26,,2025-01-29,2025,1,1
2025-01-29,RBL,Wednesday Service,25,8,,33,,2025-01-29,2025,1,1
2025-02-02,CFC,Thursday Service,,9,409,418,,2025-01-29,2025,2,1
2025-02-02,CFC,First Service,657,76,,733,,2025-01-29,2025,2,1
2025-02-02,CFC,Second Service,2050,343,116,2509,,2025-01-29,2025,2,1
2025-02-02,CFC,Third Service,1648,329,115,2092,,2025-01-29,2025,2,1
2025-02-02,MSC,First Service,70,11,,81,,2025-01-29,2025,2,1
2025-02-02,MSC,Second Service,79,19,12,110,,2025-01-29,2025,2,1
2025-02-02,RBL,First Service,78,17,,95,,2025-01-29,2025,2,1
2025-02-02,RBL,Second Service,58,26,,84,,2025-01-29,2025,2,1
2025-02-05,CFC,Wednesday Service,1403,386,,1789,,2025-02-05,2025,2,1
2025-02-05,MSC,Wednesday Service,33,4,,37,,2025-02-05,2025,2,1
2025-02-05,RBL,Wednesday Service,55,17,,72,,2025-02-05,2025,2,1
2025-02-09,CFC,Thursday Service,,9,391,400,,2025-02-05,2025,2,1
2025-02-09,CFC,First Service,670,86,,756,,2025-02-05,2025,2,1
2025-02-09,CFC,Second Service,2106,393,133,2632,,2025-02-05,2025,2,1
2025-02-09,CFC,Third Service,1487,350,130,1967,,2025-02-05,2025,2,1
2025-02-09,MSC,First Service,83,16,,99,,2025-02-05,2025,2,1
2025-02-09,MSC,Second Service,81,31,15,127,,2025-02-05,2025,2,1
2025-02-09,RBL,First Service,77,20,,97,,2025-02-05,2025,2,1
2025-02-09,RBL,Second Service,66,31,,97,,2025-02-05,2025,2,1
2025-02-12,CFC,Wednesday Service,737,464,512,1713,,2025-02-12,2025,2,1
2025-02-12,MSC,Wednesday Service,16,0,,16,,2025-02-12,2025,2,1
2025-02-12,RBL,Wednesday Service,30,5,,35,,2025-02-12,2025,2,1
2025-02-16,CFC,Thursday Service,,11,408,419,,2025-02-12,2025,2,1
2025-02-16,CFC,First Service,633,76,,709,,2025-02-12,2025,2,1
2025-02-16,CFC,Second Service,1936,377,135,2448,,2025-02-12,2025,2,1
2025-02-16,CFC,Third Service,1428,365,90,1883,,2025-02-12,2025,2,1
2025-02-16,MSC,First Service,65,11,,76,,2025-02-12,2025,2,1
2025-02-16,MSC,Second Service,85,33,16,134,,2025-02-12,2025,2,1
2025-02-16,RBL,First Service,85,19,,104,,2025-02-12,2025,2,1
2025-02-16,RBL,Second Service,69,40,14,123,,2025-02-12,2025,2,1
2025-02-19,CFC,Wednesday Service,820,366,541,1727,,2025-02-19,2025,2,1
2025-02-19,MSC,Wednesday Service,21,4,,25,,2025-02-19,2025,2,1
2025-02-19,RBL,Wednesday Service,30,2,,32,,2025-02-19,2025,2,1
2025-02-23,CFC,Thursday Service,,11,468,479,,2025-02-19,2025,2,1
2025-02-23,CFC,First Service,667,79,,746,,2025-02-19,2025,2,1
2025-02-23,CFC,Second Service,2077,369,126,2572,,2025-02-19,2025,2,1
2025-02-23,CFC,Third Service,1396,367,112,1875,,2025-02-19,2025,2,1
2025-02-23,MSC,First Service,88,11,,99,,2025-02-19,2025,2,1
2025-02-23,MSC,Second Service,73,26,19,118,,2025-02-19,2025,2,1
2025-02-23,RBL,First Service,79,23,,102,,2025-02-19,2025,2,1
2025-02-23,RBL,Second Service,55,27,,82,,2025-02-19,2025,2,1
2025-02-26,CFC,Wednesday Service,848,371,506,1725,,2025-02-26,2025,2,1
2025-02-26,MSC,Wednesday Service,20,5,,25,,2025-02-26,2025,2,1
2025-02-26,RBL,Wednesday Service,37,2,,39,,2025-02-26,2025,2,1
2025-03-02,CFC,Thursday Service,,13,429,442,,2025-02-26,2025,3,1
2025-03-02,CFC,First Service,657,74,,731,,2025-02-26,2025,3,1
2025-03-02,CFC,Second Service,1977,414,129,2520,,2025-02-26,2025,3,1
2025-03-02,CFC,Third Service,1650,366,119,2135,,2025-02-26,2025,3,1
2025-03-02,MSC,First Service,95,10,,105,,2025-02-26,2025,3,1
2025-03-02,MSC,Second Service,72,29,15,116,,2025-02-26,2025,3,1
2025-03-02,RBL,First Service,80,21,,101,,2025-02-26,2025,3,1
2025-03-02,RBL,Second Service,62,24,19,105,,2025-02-26,2025,3,1
2025-03-05,CFC,Wednesday Service,892,402,534,1828,,2025-03-05,2025,3,1
2025-03-09,CFC,Thursday Service,,10,393,403,,2025-03-05,2025,3,1
2025-03-09,CFC,First Service,554,60,,614,,2025-03-05,2025,3,1
2025-03-09,CFC,Second Service,1662,353,100,2115,,2025-03-05,2025,3,1
2025-03-09,CFC,Third Service,1598,372,79,2049,,2025-03-05,2025,3,1
2025-03-09,MSC,First Service,90,11,,101,,2025-03-05,2025,3,1
2025-03-09,MSC,Second Service,70,23,14,107,,2025-03-05,2025,3,1
2025-03-09,RBL,First Service,78,20,,98,,2025-03-05,2025,3,1
2025-03-09,RBL,Second Service,74,40,19,133,,2025-03-05,2025,3,1
2025-03-12,CFC,Wednesday Service,779,406,465,1650,,2025-03-12,2025,3,1
2025-03-16,CFC,Thursday Service,,15,430,445,,2025-03-12,2025,3,1
2025-03-16,CFC,First Service,625,65,,690,,2025-03-12,2025,3,1
2025-03-16,CFC,Second Service,1811,359,102,2272,,2025-03-12,2025,3,1
2025-03-16,CFC,Third Service,1366,312,90,1768,,2025-03-12,2025,3,1
2025-03-16,MSC,First Service,70,4,,74,,2025-03-12,2025,3,1
2025-03-16,MSC,Second Service,77,24,11,112,,2025-03-12,2025,3,1
2025-03-16,RBL,First Service,83,18,,101,,2025-03-12,2025,3,1
2025-03-16,RBL,Second Service,67,30,17,114,,2025-03-12,2025,3,1
2025-03-19,CFC,Wednesday Service,687,257,371,1315,,2025-03-19,2025,3,1
2025-03-23,CFC,Thursday Service,,15,442,457,,2025-03-19,2025,3,1
2025-03-23,CFC,First Service,553,69,,622,,2025-03-19,2025,3,1
2025-03-23,CFC,Second Service,1816,351,107,2274,,2025-03-19,2025,3,1
2025-03-23,CFC,Third Service,1593,326,81,2000,,2025-03-19,2025,3,1
2025-03-23,MSC,First Service,85,10,,95,,2025-03-19,2025,3,1
2025-03-23,MSC,Second Service,76,21,14,111,,2025-03-19,2025,3,1
2025-03-23,RBL,First Service,79,20,,99,,2025-03-19,2025,3,1
2025-03-23,RBL,Second Service,51,24,10,85,,2025-03-19,2025,3,1
2025-03-26,CFC,Wednesday Service,721,427,538,1686,,2025-03-26,2025,3,1
2025-03-30,CFC,Thursday Service,,19,472,491,,2025-03-26,2025,3,1
2025-03-30,CFC,First Service,614,74,,688,,2025-03-26,2025,3,1
2025-03-30,CFC,Second Service,1929,440,151,2520,,2025-03-26,2025,3,1
2025-03-30,CFC,Third Service,1502,343,119,1964,,2025-03-26,2025,3,1
2025-03-30,MSC,First Service,75,7,,82,,2025-03-26,2025,3,1
2025-03-30,MSC,Second Service,85,27,20,132,,2025-03-26,2025,3,1
2025-03-30,RBL,First Service,89,19,,108,,2025-03-26,2025,3,1
2025-03-30,RBL,Second Service,73,32,16,121,,2025-03-26,2025,3,1
2025-04-02,CFC,Wednesday Service,808,432,509,1749,,2025-04-02,2025,4,2
2025-04-06,CFC,Thursday Service,,25,777,802,,2025-04-02,2025,4,2
2025-04-06,CFC,First Service,588,74,,662,,2025-04-02,2025,4,2
2025-04-06,CFC,Second Service,1942,391,135,2468,,2025-04-02,2025,4,2
2025-04-06,CFC,Third Service,1293,306,142,1741,,2025-04-02,2025,4,2
2025-04-06,MSC,First Service,75,9,,84,,2025-04-02,2025,4,2
2025-04-06,MSC,Second Service,65,31,14,110,,2025-04-02,2025,4,2
2025-04-06,RBL,First Service,71,28,,99,,2025-04-02,2025,4,2
2025-04-06,RBL,Second Service,65,38,15,118,,2025-04-02,2025,4,2
2025-04-09,CFC,Wednesday Service,777,368,549,1694,,2025-04-09,2025,4,2
2025-04-13,CFC,Thursday Service,,15,455,470,,2025-04-09,2025,4,2
2025-04-13,CFC,First Service,678,70,,748,,2025-04-09,2025,4,2
2025-04-13,CFC,Second Service,2264,411,103,2778,,2025-04-09,2025,4,2
2025-04-13,CFC,Third Service,1504,352,83,1939,,2025-04-09,2025,4,2
2025-04-13,MSC,First Service,78,14,,92,,2025-04-09,2025,4,2
2025-04-13,MSC,Second Service,79,17,14,110,,2025-04-09,2025,4,2
2025-04-13,RBL,First Service,78,22,,100,,2025-04-09,2025,4,2
2025-04-13,RBL,Second Service,75,32,15,122,,2025-04-09,2025,4,2
2025-04-16,CFC,Wednesday Service,800,357,732,1889,,2025-04-16,2025,4,2
2025-04-18,CFC,First Service,1579,202,,1781,,2025-04-16,2025,4,2
2025-04-19,CFC,First Service,1005,148,,1153,,2025-04-16,2025,4,2
2025-04-20,CFC,First Service,1308,162,,1470,,2025-04-16,2025,4,2
2025-04-20,CFC,Second Service,4172,631,,4803,,2025-04-16,2025,4,2
2025-04-20,CFC,Third Service,3561,548,,4109,,2025-04-16,2025,4,2
2025-04-20,MSC,First Service,136,25,,161,,2025-04-16,2025,4,2
2025-04-20,MSC,Second Service,136,39,,175,,2025-04-16,2025,4,2
2025-04-20,RBL,First Service,132,28,,160,,2025-04-16,2025,4,2
2025-04-20,RBL,Second Service,135,58,,193,,2025-04-16,2025,4,2
2025-04-23,CFC,Wednesday Service,728,379,825,1932,,2025-04-23,2025,4,2
2025-04-23,MSC,Wednesday Service,44,6,,50,,2025-04-23,2025,4,2
2025-04-23,RBL,Wednesday Service,78,29,11,118,,2025-04-23,2025,4,2
2025-04-27,CFC,Thursday Service,,14,397,411,,2025-04-23,2025,4,2
2025-04-27,CFC,First Service,651,82,,733,,2025-04-23,2025,4,2
2025-04-27,CFC,Second Service,2211,404,146,2761,,2025-04-23,2025,4,2
2025-04-27,CFC,Third Service,1258,340,124,1722,,2025-04-23,2025,4,2
2025-04-27,MSC,First Service,95,15,,110,,2025-04-23,2025,4,2
2025-04-27,MSC,Second Service,87,20,11,118,,2025-04-23,2025,4,2
2025-04-27,RBL,First Service,78,21,,99,,2025-04-23,2025,4,2
2025-04-27,RBL,Second Service,78,35,,113,,2025-04-23,2025,4,2
2025-04-30,CFC,Wednesday Service,745,377,1042,2164,,2025-04-30,2025,4,2
2025-04-30,MSC,Wednesday Service,28,5,12,45,,2025-04-30,2025,4,2
2025-04-30,RBL,Wednesday Service,58,24,17,99,,2025-04-30,2025,4,2
2025-05-04,CFC,Thursday Service,,15,440,455,,2025-04-30,2025,5,2
2025-05-04,CFC,First Service,635,60,,695,,2025-04-30,2025,5,2
2025-05-04,CFC,Second Service,2115,470,99,2684,,2025-04-30,2025,5,2
2025-05-04,CFC,Third Service,1163,266,95,1524,,2025-04-30,2025,5,2
2025-05-04,MSC,First Service,93,14,,107,,2025-04-30,2025,5,2
2025-05-04,MSC,Second Service,73,18,,91,,2025-04-30,2025,5,2
2025-05-04,RBL,First Service,71,16,,87,,2025-04-30,2025,5,2
2025-05-04,RBL,Second Service,75,36,,111,,2025-04-30,2025,5,2
2025-05-07,CFC,Wednesday Service,1953,378,,2331,,2025-05-07,2025,5,2
2025-05-07,MSC,Wednesday Service,50,6,,56,,2025-05-07,2025,5,2
2025-05-07,RBL,Wednesday Service,76,23,,99,,2025-05-07,2025,5,2
2025-05-11,CFC,Thursday Service,,35,900,935,,2025-05-07,2025,5,2
2025-05-11,CFC,First Service,754,103,,857,,2025-05-07,2025,5,2
2025-05-11,CFC,Second Service,2500,431,,2931,,2025-05-07,2025,5,2
2025-05-11,CFC,Third Service,1711,250,,1961,,2025-05-07,2025,5,2
2025-05-11,MSC,First Service,95,14,,109,,2025-05-07,2025,5,2
2025-05-11,MSC,Second Service,98,28,,126,,2025-05-07,2025,5,2
2025-05-11,RBL,First Service,92,14,,106,,2025-05-07,2025,5,2
2025-05-11,RBL,Second Service,101,38,,139,,2025-05-07,2025,5,2
2025-05-14,CFC,Wednesday Service,910,383,,1293,,2025-05-14,2025,5,2
2025-05-14,MSC,Wednesday Service,34,4,13,51,,2025-05-14,2025,5,2
2025-05-14,RBL,Wednesday Service,51,28,20,99,,2025-05-14,2025,5,2
2025-05-18,CFC,Thursday Service,,10,363,373,,2025-05-14,2025,5,2
2025-05-18,CFC,First Service,652,89,,741,,2025-05-14,2025,5,2
2025-05-18,CFC,Second Service,1757,382,201,2340,,2025-05-14,2025,5,2
2025-05-18,CFC,Third Service,1194,286,,1480,,2025-05-14,2025,5,2
2025-05-18,MSC,First Service,85,10,,95,,2025-05-14,2025,5,2
2025-05-18,MSC,Second Service,82,22,,104,,2025-05-14,2025,5,2
2025-05-18,RBL,First Service,83,22,,105,,2025-05-14,2025,5,2
2025-05-18,RBL,Second Service,68,44,,112,,2025-05-14,2025,5,2
2025-05-21,CFC,Wednesday Service,706,421,465,1592,,2025-05-21,2025,5,2
2025-05-21,MSC,Wednesday Service,28,4,13,45,,2025-05-21,2025,5,2
2025-05-21,RBL,Wednesday Service,43,19,20,82,,2025-05-21,2025,5,2
2025-05-25,CFC,Thursday Service,,13,370,383,,2025-05-21,2025,5,2
2025-05-25,CFC,First Service,587,74,,661,,2025-05-21,2025,5,2
2025-05-25,CFC,Second Service,1904,351,116,2371,,2025-05-21,2025,5,2
2025-05-25,CFC,Third Service,1282,300,96,1678,,2025-05-21,2025,5,2
2025-05-25,MSC,First Service,74,12,,86,,2025-05-21,2025,5,2
2025-05-25,MSC,Second Service,94,19,,113,,2025-05-21,2025,5,2
2025-05-25,RBL,First Service,76,21,,97,,2025-05-21,2025,5,2
2025-05-25,RBL,Second Service,63,37,,100,,2025-05-21,2025,5,2
2025-05-28,CFC,Wednesday Service,854,378,648,1880,,2025-05-28,2025,5,2
2025-05-28,MSC,Wednesday Service,33,7,39,79,,2025-05-28,2025,5,2
2025-05-28,RBL,Wednesday Service,46,46,34,126,,2025-05-28,2025,5,2
2025-06-01,CFC,Thursday Service,,15,426,441,,2025-05-28,2025,6,2
2025-06-01,CFC,First Service,650,66,,716,,2025-05-28,2025,6,2
2025-06-01,CFC,Second Service,1801,392,131,2324,,2025-05-28,2025,6,2
2025-06-01,CFC,Third Service,1190,373,,1563,,2025-05-28,2025,6,2
2025-06-01,MSC,First Service,94,23,,117,,2025-05-28,2025,6,2
2025-06-01,MSC,Second Service,68,19,,87,,2025-05-28,2025,6,2
2025-06-01,RBL,First Service,82,26,,108,,2025-05-28,2025,6,2
2025-06-01,RBL,Second Service,83,33,,116,,2025-05-28,2025,6,2
2025-06-04,CFC,Wednesday Service,819,387,718,1924,,2025-06-04,2025,6,2
2025-06-04,MSC,Wednesday Service,24,4,8,36,,2025-06-04,2025,6,2
2025-06-04,RBL,Wednesday Service,42,22,13,77,,2025-06-04,2025,6,2
2025-06-08,CFC,Thursday Service,,,438,438,,2025-06-04,2025,6,2
2025-06-08,CFC,First Service,571,65,,636,,2025-06-04,2025,6,2
2025-06-08,CFC,Second Service,1861,371,101,2333,,2025-06-04,2025,6,2
2025-06-08,CFC,Third Service,1158,306,78,1542,,2025-06-04,2025,6,2
2025-06-08,MSC,First Service,104,13,,117,,2025-06-04,2025,6,2
2025-06-08,MSC,Second Service,86,23,,109,,2025-06-04,2025,6,2
2025-06-08,RBL,First Service,73,18,,91,,2025-06-04,2025,6,2
2025-06-08,RBL,Second Service,94,25,,119,,2025-06-04,2025,6,2
2025-06-11,CFC,Wednesday Service,904,267,475,1646,,2025-06-11,2025,6,2
2025-06-11,MSC,Wednesday Service,26,10,13,49,,2025-06-11,2025,6,2
2025-06-11,RBL,Wednesday Service,52,22,30,104,,2025-06-11,2025,6,2
2025-06-15,CFC,Thursday Service,,,702,702,,2025-06-11,2025,6,2
2025-06-15,CFC,First Service,660,59,,719,,2025-06-11,2025,6,2
2025-06-15,CFC,Second Service,2191,350,,2541,,2025-06-11,2025,6,2
2025-06-15,CFC,Third Service,974,275,,1249,,2025-06-11,2025,6,2
2025-06-15,MSC,First Service,96,13,,109,,2025-06-11,2025,6,2
2025-06-15,MSC,Second Service,80,16,,96,,2025-06-11,2025,6,2
2025-06-15,RBL,First Service,83,20,,103,,2025-06-11,2025,6,2
2025-06-15,RBL,Second Service,104,31,,135,,2025-06-11,2025,6,2
2025-06-18,CFC,Wednesday Service,836,262,512,1610,,2025-06-18,2025,6,2
2025-06-18,MSC,Wednesday Service,34,6,19,59,,2025-06-18,2025,6,2
2025-06-18,RBL,Wednesday Service,56,37,37,130,,2025-06-18,2025,6,2
2025-06-22,CFC,Thursday Service,,,495,495,,2025-06-18,2025,6,2
2025-06-22,CFC,First Service,663,69,,732,,2025-06-18,2025,6,2
2025-06-22,CFC,Second Service,1962,354,113,2429,,2025-06-18,2025,6,2
2025-06-22,CFC,Third Service,1483,323,109,1915,,2025-06-18,2025,6,2
2025-06-22,MSC,First Service,95,11,,106,,2025-06-18,2025,6,2
2025-06-22,MSC,Second Service,92,28,,120,,2025-06-18,2025,6,2
2025-06-22,RBL,First Service,77,13,,90,,2025-06-18,2025,6,2
2025-06-22,RBL,Second Service,93,34,,127,,2025-06-18,2025,6,2
2025-06-25,CFC,Wednesday Service,835,270,537,1642,,2025-06-25,2025,6,2
2025-06-25,MSC,Wednesday Service,35,7,20,62,,2025-06-25,2025,6,2
2025-06-25,RBL,Wednesday Service,40,26,36,102,,2025-06-25,2025,6,2
2025-06-29,CFC,Thursday Service,,,440,440,,2025-06-25,2025,6,2
2025-06-29,CFC,First Service,642,86,,728,,2025-06-25,2025,6,2
2025-06-29,CFC,Second Service,2037,400,118,2555,,2025-06-25,2025,6,2
2025-06-29,CFC,Third Service,1260,296,97,1653,,2025-06-25,2025,6,2
2025-06-29,MSC,First Service,88,6,,94,,2025-06-25,2025,6,2
2025-06-29,MSC,Second Service,85,25,,110,,2025-06-25,2025,6,2
2025-06-29,RBL,First Service,62,13,,75,,2025-06-25,2025,6,2
2025-06-29,RBL,Second Service,93,39,,132,,2025-06-25,2025,6,2
2025-07-02,CFC,Wednesday Service,777,213,547,1537,,2025-07-02,2025,7,3
2025-07-02,MSC,Wednesday Service,25,5,17,47,,2025-07-02,2025,7,3
2025-07-02,RBL,Wednesday Service,43,20,34,97,,2025-07-02,2025,7,3
2025-07-03,CFC,Thursday Service,,15,417,432,,2025-07-02,2025,7,3
2025-07-06,CFC,First Service,615,76,,691,,2025-07-02,2025,7,3
2025-07-06,CFC,Second Service,1873,335,134,2342,,2025-07-02,2025,7,3
2025-07-06,CFC,Third Service,1343,285,90,1718,,2025-07-02,2025,7,3
2025-07-06,MSC,First Service,106,12,,118,,2025-07-02,2025,7,3
2025-07-06,MSC,Second Service,80,24,,104,,2025-07-02,2025,7,3
2025-07-06,RBL,First Service,86,19,,105,,2025-07-02,2025,7,3
2025-07-06,RBL,Second Service,80,28,,108,,2025-07-02,2025,7,3
2025-07-09,CFC,Wednesday Service,825,211,562,1598,,2025-07-09,2025,7,3
2025-07-09,MSC,Wednesday Service,25,5,14,44,,2025-07-09,2025,7,3
2025-07-09,RBL,Wednesday Service,60,28,43,131,,2025-07-09,2025,7,3
2025-07-10,CFC,Thursday Service,,16,445,461,,2025-07-09,2025,7,3
2025-07-13,CFC,First Service,615,66,,681,,2025-07-09,2025,7,3
2025-07-09,CFC,Second Service,1818,201,,2019,,2025-07-09,2025,7,3
2025-07-09,CFC,Third Service,1434,285,,1719,,2025-07-09,2025,7,3
2025-07-09,MSC,First Service,105,12,,117,,2025-07-09,2025,7,3
2025-07-09,MSC,Second Service,95,24,,119,,2025-07-09,2025,7,3
2025-07-09,RBL,First Service,96,26,,122,,2025-07-09,2025,7,3
2025-07-09,RBL,Second Service,116,30,,146,,2025-07-09,2025,7,3
2025-07-16,CFC,Wednesday Service,758,224,546,1528,,2025-07-16,2025,7,3
2025-07-16,MSC,Wednesday Service,20,8,18,46,,2025-07-16,2025,7,3
2025-07-16,RBL,Wednesday Service,55,28,43,126,,2025-07-16,2025,7,3
2025-07-17,CFC,Thursday Service,,17,467,484,,2025-07-16,2025,7,3
2025-07-20,CFC,First Service,652,71,,723,,2025-07-16,2025,7,3
2025-07-20,CFC,Second Service,1658,382,121,2161,,2025-07-16,2025,7,3
2025-07-20,CFC,Third Service,1388,318,96,1802,,2025-07-16,2025,7,3
2025-07-20,MSC,First Service,75,5,,80,,2025-07-16,2025,7,3
2025-07-20,MSC,Second Service,81,21,,102,,2025-07-16,2025,7,3
2025-07-20,RBL,First Service,82,28,,110,,2025-07-16,2025,7,3
2025-07-20,RBL,Second Service,89,28,,117,,2025-07-16,2025,7,3
2025-07-23,CFC,Wednesday Service,778,212,841,1831,,2025-07-23,2025,7,3
2025-07-23,MSC,Wednesday Service,23,7,22,52,,2025-07-23,2025,7,3
2025-07-23,RBL,Wednesday Service,49,28,34,111,,2025-07-23,2025,7,3
2025-07-24,CFC,Thursday Service,,15,467,482,,2025-07-23,2025,7,3
2025-07-27,CFC,First Service,615,58,,673,,2025-07-23,2025,7,3
2025-07-27,CFC,Second Service,1905,327,102,2334,,2025-07-23,2025,7,3
2025-07-27,CFC,Third Service,1319,299,97,1715,,2025-07-23,2025,7,3
2025-07-27,MSC,First Service,77,10,,87,,2025-07-23,2025,7,3
2025-07-27,MSC,Second Service,88,29,,117,,2025-07-23,2025,7,3
2025-07-27,RBL,First Service,77,36,,113,,2025-07-23,2025,7,3
2025-07-27,RBL,Second Service,85,36,,121,,2025-07-23,2025,7,3
2025-07-30,CFC,Wednesday Service,1576,197,,1773,,2025-07-30,2025,7,3
2025-07-30,MSC,Wednesday Service,44,,,44,,2025-07-30,2025,7,3
2025-07-30,RBL,Wednesday Service,45,23,28,96,,2025-07-30,2025,7,3
2025-07-31,CFC,Thursday Service,,19,601,620,,2025-07-30,2025,7,3
2025-08-03,CFC,First Service,502,69,,571,,2025-07-30,2025,8,3
2025-08-03,CFC,Second Service,1962,354,97,2413,,2025-07-30,2025,8,3
2025-08-03,CFC,Third Service,1462,299,90,1851,,2025-07-30,2025,8,3
2025-08-03,MSC,First Service,85,14,,99,,2025-07-30,2025,8,3
2025-08-03,MSC,Second Service,90,28,,118,,2025-07-30,2025,8,3
2025-08-03,RBL,First Service,109,21,,130,,2025-07-30,2025,8,3
2025-08-03,RBL,Second Service,92,39,,131,,2025-07-30,2025,8,3
2025-08-03,NRC,First Service,162,20,,182,,2025-07-30,2025,8,3
2025-08-03,NRC,Second Service,194,29,,223,,2025-07-30,2025,8,3
2025-08-06,CFC,Wednesday Service,778,192,,970,,2025-08-06,2025,8,3
2025-08-06,MSC,Wednesday Service,30,8,18,56,,2025-08-06,2025,8,3
2025-08-06,RBL,Wednesday Service,48,25,35,108,,2025-08-06,2025,8,3
2025-08-07,CFC,Thursday Service,,20,840,860,,2025-08-06,2025,8,3
2025-08-10,CFC,First Service,504,65,,569,,2025-08-06,2025,8,3
2025-08-10,CFC,Second Service,1945,395,110,2450,,2025-08-06,2025,8,3
2025-08-10,CFC,Third Service,1450,288,66,1804,,2025-08-06,2025,8,3
2025-08-10,MSC,First Service,64,11,,75,,2025-08-06,2025,8,3
2025-08-10,MSC,Second Service,83,32,,115,,2025-08-06,2025,8,3
2025-08-10,RBL,First Service,91,29,,120,,2025-08-06,2025,8,3
2025-08-10,RBL,Second Service,86,28,,114,,2025-08-06,2025,8,3
2025-08-10,NRC,First Service,114,19,,133,,2025-08-06,2025,8,3
2025-08-10,NRC,Second Service,154,23,,177,,2025-08-06,2025,8,3
2025-08-13,CFC,Wednesday Service,533,342,490,1365,,2025-08-13,2025,8,3
2025-08-13,MSC,Wednesday Service,44,14,18,76,,2025-08-13,2025,8,3
2025-08-13,RBL,Wednesday Service,42,19,31,92,,2025-08-13,2025,8,3
2025-08-14,CFC,Thursday Service,,12,513,525,,2025-08-13,2025,8,3
2025-08-17,CFC,First Service,634,87,,721,,2025-08-13,2025,8,3
2025-08-17,CFC,Second Service,1928,436,111,2475,,2025-08-13,2025,8,3
2025-08-17,CFC,Third Service,1494,311,60,1865,,2025-08-13,2025,8,3
2025-08-17,MSC,First Service,89,10,,99,,2025-08-13,2025,8,3
2025-08-17,MSC,Second Service,90,25,,115,,2025-08-13,2025,8,3
2025-08-17,RBL,First Service,78,15,,93,,2025-08-13,2025,8,3
2025-08-17,RBL,Second Service,114,42,,156,,2025-08-13,2025,8,3
2025-08-17,NRC,First Service,96,7,,103,,2025-08-13,2025,8,3
2025-08-17,NRC,Second Service,148,25,,173,,2025-08-13,2025,8,3
2025-08-20,CFC,Wednesday Service,871,391,595,1857,,2025-08-20,2025,8,3
2025-08-20,MSC,Wednesday Service,31,9,21,61,,2025-08-20,2025,8,3
2025-08-20,RBL,Wednesday Service,56,30,29,115,,2025-08-20,2025,8,3
2025-08-20,CFRC,Wednesday Service,103,,,103,,2025-08-20,2025,8,3
2025-08-21,CFC,Thursday Service,,11,483,494,,2025-08-20,2025,8,3
2025-08-24,CFC,First Service,725,78,,803,,2025-08-20,2025,8,3
2025-08-24,CFC,Second Service,2154,434,155,2743,,2025-08-20,2025,8,3
2025-08-24,CFC,Third Service,1577,355,83,2015,,2025-08-20,2025,8,3
2025-08-24,MSC,First Service,96,15,,111,,2025-08-20,2025,8,3
2025-08-24,MSC,Second Service,97,36,,133,,2025-08-20,2025,8,3
2025-08-24,RBL,First Service,79,21,,100,,2025-08-20,2025,8,3
2025-08-24,RBL,Second Service,98,43,,141,,2025-08-20,2025,8,3
2025-08-24,NRC,First Service,118,18,,136,,2025-08-20,2025,8,3
2025-08-24,NRC,Second Service,160,22,,182,,2025-08-20,2025,8,3
2025-08-27,CFC,Wednesday Service,777,367,518,1662,,2025-08-27,2025,8,3
2025-08-27,CFC,Wednesday - MM,,,188,188,,2025-08-27,2025,8,3
2025-08-27,MSC,Wednesday Service,37,11,42,90,,2025-08-27,2025,8,3
2025-08-27,RBL,Wednesday Service,60,41,58,159,,2025-08-27,2025,8,3
2025-08-27,CFRC,Wednesday Service,79,,,79,,2025-08-27,2025,8,3
2025-08-28,CFC,Thursday Service,,17,657,674,,2025-08-27,2025,8,3
2025-08-31,CFC,First Service,578,79,,657,,2025-08-27,2025,8,3
2025-08-31,CFC,Second Service,2184,383,66,2633,,2025-08-27,2025,8,3
2025-08-31,CFC,Third Service,1376,299,69,1744,,2025-08-27,2025,8,3
2025-08-31,MSC,First Service,101,14,,115,,2025-08-27,2025,8,3
2025-08-31,MSC,Second Service,92,33,,125,,2025-08-27,2025,8,3
2025-08-31,RBL,First Service,82,26,,108,,2025-08-27,2025,8,3
2025-08-31,RBL,Second Service,103,39,,142,,2025-08-27,2025,8,3
2025-08-31,NRC,First Service,88,13,,101,,2025-08-27,2025,8,3
2025-08-31,NRC,Second Service,163,23,,186,,2025-08-27,2025,8,3
2025-09-03,CFC,Wednesday Service,937,368,424,1729,,2025-09-03,2025,9,3
2025-09-03,CFC,Wednesday - MM,,,160,160,,2025-09-03,2025,9,3
2025-09-03,MSC,Wednesday Service,39,16,20,75,,2025-09-03,2025,9,3
2025-09-03,RBL,Wednesday Service,64,50,39,153,,2025-09-03,2025,9,3
2025-09-03,CFRC,Wednesday Service,75,,,75,,2025-09-03,2025,9,3
2025-09-04,CFC,Thursday Service,,14,544,558,,2025-09-03,2025,9,3
2025-09-07,CFC,First Service,576,85,,661,,2025-09-03,2025,9,3
2025-09-07,CFC,Second Service,1998,415,110,2523,,2025-09-03,2025,9,3
2025-09-07,CFC,Third Service,1505,347,90,1942,,2025-09-03,2025,9,3
2025-09-07,MSC,First Service,104,10,,114,,2025-09-03,2025,9,3
2025-09-07,MSC,Second Service,107,23,,130,,2025-09-03,2025,9,3
2025-09-07,RBL,First Service,82,26,,108,,2025-09-03,2025,9,3
2025-09-07,RBL,Second Service,103,39,,142,,2025-09-03,2025,9,3
2025-09-07,NRC,First Service,105,8,,113,,2025-09-03,2025,9,3
2025-09-07,NRC,Second Service,190,24,,214,,2025-09-03,2025,9,3
2025-09-10,CFC,Wednesday Service,904,377,421,1702,,2025-09-10,2025,9,3
2025-09-10,CFC,Wednesday - MM,,,180,180,,2025-09-10,2025,9,3
2025-09-10,MSC,Wednesday Service,48,21,35,104,,2025-09-10,2025,9,3
2025-09-10,RBL,Wednesday Service,66,41,27,134,,2025-09-10,2025,9,3
2025-09-10,CFRC,Wednesday Service,,,82,82,,2025-09-10,2025,9,3
2025-09-11,CFC,Thursday Service,,17,545,562,,2025-09-10,2025,9,3
2025-09-14,CFC,First Service,605,72,,677,,2025-09-10,2025,9,3
2025-09-14,CFC,Second Service,2183,416,118,2717,,2025-09-10,2025,9,3
2025-09-14,CFC,Third Service,1766,370,85,2221,,2025-09-10,2025,9,3
2025-09-14,MSC,First Service,105,10,,115,,2025-09-10,2025,9,3
2025-09-14,MSC,Second Service,105,26,,131,,2025-09-10,2025,9,3
2025-09-14,RBL,First Service,95,28,,123,,2025-09-10,2025,9,3
2025-09-14,RBL,Second Service,111,45,,156,,2025-09-10,2025,9,3
2025-09-14,NRC,First Service,114,6,,120,,2025-09-10,2025,9,3
2025-09-14,NRC,Second Service,179,21,,200,,2025-09-10,2025,9,3
2025-09-17,CFC,Wednesday Service,871,355,383,1609,,2025-09-17,2025,9,3
2025-09-17,CFC,Wednesday - MM,,,160,160,,2025-09-17,2025,9,3
2025-09-17,MSC,Wednesday Service,44,13,28,85,,2025-09-17,2025,9,3
2025-09-17,RBL,Wednesday Service,64,43,32,139,,2025-09-17,2025,9,3
2025-09-17,CFRC,Wednesday Service,72,,,72,,2025-09-17,2025,9,3
2025-09-18,CFC,Thursday Service,,15,555,570,,2025-09-17,2025,9,3
2025-09-21,CFC,First Service,560,70,,630,,2025-09-17,2025,9,3
2025-09-21,CFC,Second Service,2049,404,193,2646,,2025-09-17,2025,9,3
2025-09-21,CFC,Third Service,1230,329,188,1747,,2025-09-17,2025,9,3
2025-09-21,MSC,First Service,102,6,,108,,2025-09-17,2025,9,3
2025-09-21,MSC,Second Service,100,27,21,148,,2025-09-17,2025,9,3
2025-09-21,RBL,First Service,76,26,,102,,2025-09-17,2025,9,3
2025-09-21,RBL,Second Service,99,35,10,144,,2025-09-17,2025,9,3
2025-09-21,NRC,First Service,117,8,,125,,2025-09-17,2025,9,3
2025-09-21,NRC,Second Service,168,19,,187,,2025-09-17,2025,9,3
2025-09-24,CFC,Wednesday Service,958,361,609,1928,,2025-09-24,2025,9,3
2025-09-24,CFC,Wednesday - MM,,,,0,,2025-09-24,2025,9,3
2025-09-24,MSC,Wednesday Service,60,19,34,113,,2025-09-24,2025,9,3
2025-09-24,RBL,Wednesday Service,81,36,36,153,,2025-09-24,2025,9,3
2025-09-24,CFRC,Wednesday Service,92,,,92,,2025-09-24,2025,9,3
2025-09-25,CFC,Thursday Service,,15,510,525,,2025-09-24,2025,9,3
2025-09-28,CFC,First Service,610,71,,681,,2025-09-24,2025,9,3
2025-09-28,CFC,Second Service,1907,368,105,2380,,2025-09-24,2025,9,3
2025-09-28,CFC,Third Service,1358,327,80,1765,,2025-09-24,2025,9,3
2025-09-28,MSC,First Service,97,11,,108,,2025-09-24,2025,9,3
2025-09-28,MSC,Second Service,104,31,,135,,2025-09-24,2025,9,3
2025-09-28,RBL,First Service,84,32,,116,,2025-09-24,2025,9,3
2025-09-28,RBL,Second Service,102,46,,148,,2025-09-24,2025,9,3
2025-09-28,NRC,First Service,137,9,,146,,2025-09-24,2025,9,3
2025-09-28,NRC,Second Service,171,17,,188,,2025-09-24,2025,9,3
2025-10-01,CFC,Wednesday Service,1038,383,403,1824,,2025-10-01,2025,10,4
2025-10-01,CFC,Wednesday - MM,,,195,195,,2025-10-01,2025,10,4
2025-10-01,MSC,Wednesday Service,60,19,35,114,,2025-10-01,2025,10,4
2025-10-01,RBL,Wednesday Service,81,31,43,155,,2025-10-01,2025,10,4
2025-10-01,CFRC,Wednesday Service,85,,,85,,2025-10-01,2025,10,4
2025-10-02,CFC,Thursday Service,,10,470,480,,2025-10-01,2025,10,4
2025-10-05,CFC,First Service,606,99,,705,,2025-10-01,2025,10,4
2025-10-05,CFC,Second Service,1977,410,106,2493,,2025-10-01,2025,10,4
2025-10-05,CFC,Third Service,1505,320,111,1936,,2025-10-01,2025,10,4
2025-10-05,MSC,First Service,89,6,,95,,2025-10-01,2025,10,4
2025-10-05,MSC,Second Service,102,29,,131,,2025-10-01,2025,10,4
2025-10-05,RBL,First Service,90,22,,112,,2025-10-01,2025,10,4
2025-10-05,RBL,Second Service,105,46,,151,,2025-10-01,2025,10,4
2025-10-05,NRC,First Service,133,13,,146,,2025-10-01,2025,10,4
2025-10-05,NRC,Second Service,212,23,,235,,2025-10-01,2025,10,4
2025-10-08,CFC,Wednesday Service,2269,336,,2605,,2025-10-08,2025,10,4
2025-10-08,CFC,Wednesday - MM,,,,0,,2025-10-08,2025,10,4
2025-10-08,MSC,Wednesday Service,72,18,31,121,,2025-10-08,2025,10,4
2025-10-08,RBL,Wednesday Service,77,45,27,149,,2025-10-08,2025,10,4
2025-10-08,CFRC,Wednesday Service,92,,,92,,2025-10-08,2025,10,4
2025-10-09,CFC,Thursday Service,1708,164,,1872,,2025-10-08,2025,10,4
2025-10-10,CFC,First Service,1652,151,,1803,,2025-10-08,2025,10,4
2025-10-12,CFC,First Service,604,73,,677,,2025-10-08,2025,10,4
2025-10-12,CFC,Second Service,1820,405,102,2327,,2025-10-08,2025,10,4
2025-10-12,CFC,Third Service,1264,201,82,1547,,2025-10-08,2025,10,4
2025-10-12,MSC,First Service,104,14,,118,,2025-10-08,2025,10,4
2025-10-12,MSC,Second Service,109,29,,138,,2025-10-08,2025,10,4
2025-10-12,RBL,First Service,81,19,,100,,2025-10-08,2025,10,4
2025-10-12,RBL,Second Service,107,43,,150,,2025-10-08,2025,10,4
2025-10-12,NRC,First Service,121,12,,133,,2025-10-08,2025,10,4
2025-10-12,NRC,Second Service,186,21,,207,,2025-10-08,2025,10,4
2025-10-15,CFC,Wednesday Service,946,388,345,1679,,2025-10-15,2025,10,4
2025-10-15,CFC,Wednesday - MM,,,178,178,,2025-10-15,2025,10,4
2025-10-15,MSC,Wednesday Service,55,15,37,107,,2025-10-15,2025,10,4
2025-10-15,RBL,Wednesday Service,73,37,28,138,,2025-10-15,2025,10,4
2025-10-15,CFRC,Wednesday Service,90,,,90,,2025-10-15,2025,10,4
2025-10-16,CFC,Thursday Service,200,13,,213,,2025-10-15,2025,10,4
2025-10-19,CFC,First Service,609,77,,686,,2025-10-15,2025,10,4
2025-10-19,CFC,Second Service,2122,323,,2445,,2025-10-15,2025,10,4
2025-10-19,CFC,Third Service,2025,316,,2341,,2025-10-15,2025,10,4
2025-10-19,MSC,First Service,92,10,,102,,2025-10-15,2025,10,4
2025-10-19,MSC,Second Service,90,32,,122,,2025-10-15,2025,10,4
2025-10-19,RBL,First Service,80,13,,93,,2025-10-15,2025,10,4
2025-10-19,RBL,Second Service,76,42,,118,,2025-10-15,2025,10,4
2025-10-19,NRC,First Service,112,9,,121,,2025-10-15,2025,10,4
2025-10-19,NRC,Second Service,171,21,,192,,2025-10-15,2025,10,4
2025-10-22,CFC,Wednesday Service,870,356,337,1563,,2025-10-22,2025,10,4
2025-10-22,CFC,Wednesday - MM,,,160,160,,2025-10-22,2025,10,4
2025-10-22,MSC,Wednesday Service,53,15,36,104,,2025-10-22,2025,10,4
2025-10-22,RBL,Wednesday Service,71,33,29,133,,2025-10-22,2025,10,4
2025-10-22,CFRC,Wednesday Service,78,,,78,,2025-10-22,2025,10,4
2025-10-23,CFC,Thursday Service,,,512,512,,2025-10-22,2025,10,4
2025-10-26,CFC,First Service,561,86,,647,,2025-10-22,2025,10,4
2025-10-26,CFC,Second Service,1727,382,90,2199,,2025-10-22,2025,10,4
2025-10-26,CFC,Third Service,1339,379,78,1796,,2025-10-22,2025,10,4
2025-10-26,MSC,First Service,78,7,,85,,2025-10-22,2025,10,4
2025-10-26,MSC,Second Service,90,22,,112,,2025-10-22,2025,10,4
2025-10-26,RBL,First Service,87,19,,106,,2025-10-22,2025,10,4
2025-10-26,RBL,Second Service,79,33,,112,,2025-10-22,2025,10,4
2025-10-26,NRC,First Service,102,8,,110,,2025-10-22,2025,10,4
2025-10-26,NRC,Second Service,173,31,,204,,2025-10-22,2025,10,4
2025-10-29,CFC,Wednesday Service,814,360,341,1515,,2025-10-29,2025,10,4
2025-10-29,CFC,Wednesday - MM,,,120,120,,2025-10-29,2025,10,4
2025-10-29,MSC,Wednesday Service,53,15,36,104,,2025-10-29,2025,10,4
2025-10-29,RBL,Wednesday Service,68,29,34,131,,2025-10-29,2025,10,4
2025-10-29,CFRC,Wednesday Service,79,,,79,,2025-10-29,2025,10,4
2025-10-29,CFC,Thursday Service,,13,461,474,,2025-10-29,2025,10,4
2025-11-02,CFC,First Service,703,115,,818,,2025-10-29,2025,11,4
2025-11-02,CFC,Second Service,2277,435,115,2827,,2025-10-29,2025,11,4
2025-11-02,CFC,Third Service,1156,334,57,1547,,2025-10-29,2025,11,4
2025-11-02,MSC,First Service,101,18,,119,,2025-10-29,2025,11,4
2025-11-02,MSC,Second Service,95,22,,117,,2025-10-29,2025,11,4
2025-11-02,RBL,First Service,83,26,,109,,2025-10-29,2025,11,4
2025-11-02,RBL,Second Service,93,40,,133,,2025-10-29,2025,11,4
2025-11-02,NRC,First Service,107,7,,114,,2025-10-29,2025,11,4
2025-11-02,NRC,Second Service,175,29,,204,,2025-10-29,2025,11,4
2025-11-05,CFC,Wednesday Service,907,396,349,1652,,2025-11-05,2025,11,4
2025-11-05,CFC,Wednesday - MM,,,155,155,,2025-11-05,2025,11,4
2025-11-05,MSC,Wednesday Service,48,12,34,94,,2025-11-05,2025,11,4
2025-11-05,RBL,Wednesday Service,55,30,31,116,,2025-11-05,2025,11,4
2025-11-05,CFRC,Wednesday Service,82,,,82,,2025-11-05,2025,11,4
2025-11-06,CFC,Thursday Service,,26,447,473,,2025-11-05,2025,11,4
2025-11-09,CFC,First Service,696,73,,769,,2025-11-05,2025,11,4
2025-11-09,CFC,Second Service,2066,364,96,2526,,2025-11-05,2025,11,4
2025-11-09,CFC,Third Service,1360,292,67,1719,,2025-11-05,2025,11,4
2025-11-09,MSC,First Service,97,13,,110,,2025-11-05,2025,11,4
2025-11-09,MSC,Second Service,94,21,,115,,2025-11-05,2025,11,4
2025-11-09,RBL,First Service,90,31,,121,,2025-11-05,2025,11,4
2025-11-09,RBL,Second Service,85,38,,123,,2025-11-05,2025,11,4
2025-11-09,NRC,First Service,102,10,,112,,2025-11-05,2025,11,4
2025-11-09,NRC,Second Service,137,19,,156,,2025-11-05,2025,11,4
2025-11-12,CFC,Wednesday Service,827,386,540,1753,,2025-11-12,2025,11,4
2025-11-12,CFC,Wednesday - MM,,,,0,,2025-11-12,2025,11,4
2025-11-12,MSC,Wednesday Service,43,10,41,94,,2025-11-12,2025,11,4
2025-11-12,RBL,Wednesday Service,47,35,37,119,,2025-11-12,2025,11,4
2025-11-12,CFRC,Wednesday Service,87,,,87,,2025-11-12,2025,11,4
2025-11-13,CFC,Thursday Service,,28,480,508,,2025-11-12,2025,11,4
2025-11-16,CFC,First Service,525,74,,599,,2025-11-12,2025,11,4
2025-11-16,CFC,Second Service,1778,378,106,2262,,2025-11-12,2025,11,4
2025-11-16,CFC,Third Service,1562,283,308,2153,,2025-11-12,2025,11,4
2025-11-16,MSC,First Service,94,15,,109,,2025-11-12,2025,11,4
2025-11-16,MSC,Second Service,160,36,,196,,2025-11-12,2025,11,4
2025-11-16,RBL,First Service,78,24,,102,,2025-11-12,2025,11,4
2025-11-16,RBL,Second Service,118,55,,173,,2025-11-12,2025,11,4
2025-11-16,NRC,First Service,101,5,,106,,2025-11-12,2025,11,4
2025-11-16,NRC,Second Service,129,21,,150,,2025-11-12,2025,11,4
2025-11-19,CFC,Wednesday Service,820,338,298,1456,,2025-11-19,2025,11,4
2025-11-19,CFC,Wednesday - MM,,,140,140,,2025-11-19,2025,11,4
2025-11-19,MSC,Wednesday Service,68,24,31,123,,2025-11-19,2025,11,4
2025-11-19,RBL,Wednesday Service,57,31,30,118,,2025-11-19,2025,11,4
2025-11-19,CFRC,Wednesday Service,80,,,80,,2025-11-19,2025,11,4
2025-11-20,CFC,Thursday Service,,26,440,466,,2025-11-19,2025,11,4
2025-11-23,CFC,First Service,568,69,,637,,2025-11-19,2025,11,4
2025-11-23,CFC,Second Service,1676,352,90,2118,,2025-11-19,2025,11,4
2025-11-23,CFC,Third Service,1210,307,90,1607,,2025-11-19,2025,11,4
2025-11-23,MSC,First Service,97,13,,110,,2025-11-19,2025,11,4
2025-11-23,MSC,Second Service,108,30,,138,,2025-11-19,2025,11,4
2025-11-23,RBL,First Service,79,16,,95,,2025-11-19,2025,11,4
2025-11-23,RBL,Second Service,92,25,,117,,2025-11-19,2025,11,4
2025-11-23,NRC,First Service,109,11,,120,,2025-11-19,2025,11,4
2025-11-23,NRC,Second Service,165,19,,184,,2025-11-19,2025,11,4
2025-11-26,CFC,Wednesday Service,,,,0,,2025-11-26,2025,11,4
2025-11-26,CFC,Wednesday - MM,,,,0,,2025-11-26,2025,11,4
2025-11-26,MSC,Wednesday Service,,,,0,,2025-11-26,2025,11,4
2025-11-26,RBL,Wednesday Service,,,,0,,2025-11-26,2025,11,4
2025-11-26,CFRC,Wednesday Service,,,,0,,2025-11-26,2025,11,4
2025-11-27,CFC,Thursday Service,,,,0,,2025-11-26,2025,11,4
2025-11-30,CFC,First Service,524,72,,596,,2025-11-26,2025,11,4
2025-11-30,CFC,Second Service,1849,353,,2202,,2025-11-26,2025,11,4
2025-11-30,CFC,Third Service,1451,283,,1734,,2025-11-26,2025,11,4
2025-11-30,MSC,First Service,62,7,,69,,2025-11-26,2025,11,4
2025-11-30,MSC,Second Service,94,20,,114,,2025-11-26,2025,11,4
2025-11-30,RBL,First Service,68,24,,92,,2025-11-26,2025,11,4
2025-11-30,RBL,Second Service,96,34,,130,,2025-11-26,2025,11,4
2025-11-30,NRC,First Service,95,7,,102,,2025-11-26,2025,11,4
2025-11-30,NRC,Second Service,136,17,,153,,2025-11-26,2025,11,4
2025-12-03,CFC,Wednesday Service,914,362,317,1593,,2025-12-03,2025,12,4
2025-12-03,CFC,Wednesday - MM,,,160,160,,2025-12-03,2025,12,4
2025-12-03,MSC,Wednesday Service,43,16,28,87,,2025-12-03,2025,12,4
2025-12-03,RBL,Wednesday Service,61,39,33,133,,2025-12-03,2025,12,4
2025-12-03,CFRC,Wednesday Service,85,,,85,,2025-12-03,2025,12,4
2025-12-03,CFC,Thursday Service,,25,445,470,,2025-12-03,2025,12,4
2025-12-04,CFC,First Service,509,75,,584,,2025-12-03,2025,12,4
2025-12-07,CFC,Second Service,1664,335,81,2080,,2025-12-03,2025,12,4
2025-12-07,CFC,Third Service,1276,265,74,1615,,2025-12-03,2025,12,4
2025-12-07,MSC,First Service,89,8,,97,,2025-12-03,2025,12,4
2025-12-07,MSC,Second Service,95,26,,121,,2025-12-03,2025,12,4
2025-12-07,RBL,First Service,81,16,,97,,2025-12-03,2025,12,4
2025-12-07,RBL,Second Service,88,40,,128,,2025-12-03,2025,12,4
2025-12-07,NRC,First Service,101,5,,106,,2025-12-03,2025,12,4
2025-12-07,NRC,Second Service,131,21,,152,,2025-12-03,2025,12,4
2025-12-10,CFC,Wednesday Service,628,361,798,1787,,2025-12-10,2025,12,4
2025-12-10,CFC,Wednesday - MM,,,,0,,2025-12-10,2025,12,4
2025-12-10,MSC,Wednesday Service,53,23,38,114,,2025-12-10,2025,12,4
2025-12-10,RBL,Wednesday Service,63,26,37,126,,2025-12-10,2025,12,4
2025-12-10,CFRC,Wednesday Service,82,,,82,,2025-12-10,2025,12,4
2025-12-11,CFC,Thursday Service,,25,592,617,,2025-12-10,2025,12,4
2025-12-14,CFC,First Service,513,76,,589,,2025-12-10,2025,12,4
2025-12-14,CFC,Second Service,1921,308,101,2330,,2025-12-10,2025,12,4
2025-12-14,CFC,Third Service,1277,245,72,1594,,2025-12-10,2025,12,4
2025-12-14,MSC,First Service,70,10,,80,,2025-12-10,2025,12,4
2025-12-14,MSC,Second Service,100,36,,136,,2025-12-10,2025,12,4
2025-12-14,RBL,First Service,84,17,,101,,2025-12-10,2025,12,4
2025-12-14,RBL,Second Service,90,29,,119,,2025-12-10,2025,12,4
2025-12-14,NRC,First Service,109,5,,114,,2025-12-10,2025,12,4
2025-12-14,NRC,Second Service,126,18,,144,,2025-12-10,2025,12,4
2025-12-17,CFC,Wednesday Service,800,330,,1130,,2025-12-17,2025,12,4
2025-12-17,CFC,Wednesday - MM,,,,0,,2025-12-17,2025,12,4
2025-12-17,MSC,Wednesday Service,65,,,65,,2025-12-17,2025,12,4
2025-12-17,RBL,Wednesday Service,104,35,,139,,2025-12-17,2025,12,4
2025-12-17,CFRC,Wednesday Service,,,,0,,2025-12-17,2025,12,4
2025-12-18,CFC,Thursday Service,,,,0,,2025-12-17,2025,12,4
2025-12-21,CFC,First Service,778,77,,855,,2025-12-17,2025,12,4
2025-12-21,CFC,Second Service,2392,298,,2690,,2025-12-17,2025,12,4
2025-12-21,CFC,Third Service,2002,225,,2227,,2025-12-17,2025,12,4
2025-12-21,MSC,First Service,102,,,102,,2025-12-17,2025,12,4
2025-12-21,MSC,Second Service,110,,,110,,2025-12-17,2025,12,4
2025-12-21,RBL,First Service,76,11,,87,,2025-12-17,2025,12,4
2025-12-21,RBL,Second Service,73,46,,119,,2025-12-17,2025,12,4
2025-12-21,NRC,First Service,102,5,,107,,2025-12-17,2025,12,4
2025-12-21,NRC,Second Service,134,15,,149,,2025-12-17,2025,12,4
2025-12-24,CFC,Wednesday Service,2900,,,2900,,2025-12-24,2025,12,4
2025-12-24,CFC,Wednesday - MM,,,,0,,2025-12-24,2025,12,4
2025-12-24,MSC,Wednesday Service,116,24,,140,,2025-12-24,2025,12,4
2025-12-24,RBL,Wednesday Service,108,23,,131,,2025-12-24,2025,12,4
2025-12-24,CFRC,Wednesday Service,,,,0,,2025-12-24,2025,12,4
2025-12-25,CFC,Thursday Service,,,,0,,2025-12-24,2025,12,4
2025-12-28,CFC,First Service,675,71,,746,,2025-12-24,2025,12,4
2025-12-28,CFC,Second Service,1751,285,,2036,,2025-12-24,2025,12,4
2025-12-28,CFC,Third Service,1454,197,,1651,,2025-12-24,2025,12,4
2025-12-28,MSC,First Service,75,14,,89,,2025-12-24,2025,12,4
2025-12-28,MSC,Second Service,85,35,,120,,2025-12-24,2025,12,4
2025-12-28,RBL,First Service,73,16,,89,,2025-12-24,2025,12,4
2025-12-28,RBL,Second Service,87,24,,111,,2025-12-24,2025,12,4
2025-12-28,NRC,First Service,97,9,,106,,2025-12-24,2025,12,4
2025-12-28,NRC,Second Service,140,16,,156,,2025-12-24,2025,12,4
2025-12-31,CFC,Wednesday Service,,,,0,,2025-12-31,2025,12,4
2025-12-31,CFC,Wednesday - MM,,,,0,,2025-12-31,2025,12,4
2025-12-31,MSC,Wednesday Service,,,,0,,2025-12-31,2025,12,4
2025-12-31,RBL,Wednesday Service,,,,0,,2025-12-31,2025,12,4
2025-12-31,CFRC,Wednesday Service,,,,0,,2025-12-31,2025,12,4
2026-01-01,CFC,Thursday Service,,,,0,,2025-12-31,2026,1,1
2026-01-04,CFC,First Service,618,100,,718,,2025-12-31,2026,1,1
2026-01-04,CFC,Second Service,1808,364,110,2282,,2025-12-31,2026,1,1
2026-01-04,CFC,Third Service,1467,335,84,1886,,2025-12-31,2026,1,1
2026-01-04,MSC,First Service,82,8,,90,,2025-12-31,2026,1,1
2026-01-04,MSC,Second Service,101,32,,133,,2025-12-31,2026,1,1
2026-01-04,RBL,First Service,59,21,,80,,2025-12-31,2026,1,1
2026-01-04,RBL,Second Service,82,37,,119,,2025-12-31,2026,1,1
2026-01-04,NRC,First Service,136,12,,148,,2025-12-31,2026,1,1
2026-01-04,NRC,Second Service,153,9,,162,,2025-12-31,2026,1,1
2026-01-07,CFC,Wednesday Service,1057,343,272,1672,,2026-01-07,2026,1,1
2026-01-07,CFC,Wednesday - MM,,,126,126,,2026-01-07,2026,1,1
2026-01-07,MSC,Wednesday Service,75,25,29,129,,2026-01-07,2026,1,1
2026-01-07,RBL,Wednesday Service,59,25,29,113,,2026-01-07,2026,1,1
2026-01-07,CFRC,Wednesday Service,72,,,72,,2026-01-07,2026,1,1
2026-01-08,CFC,Thursday Service,,,466,466,,2026-01-07,2026,1,1
2026-01-11,CFC,First Service,633,79,,712,,2026-01-07,2026,8600,1
2026-01-11,CFC,Second Service,1805,326,117,2248,,2026-01-07,2026,1,1
2026-01-11,CFC,Third Service,1446,301,90,1837,,2026-01-07,2026,1,1
2026-01-11,MSC,First Service,103,10,,113,,2026-01-07,2026,1,1
2026-01-11,MSC,Second Service,78,26,,104,,2026-01-07,2026,1,1
2026-01-11,RBL,First Service,82,24,,106,,2026-01-07,2026,1,1
2026-01-11,RBL,Second Service,91,33,,124,,2026-01-07,2026,1,1
2026-01-11,NRC,First Service,116,9,,125,,2026-01-07,2026,1,1
2026-01-11,NRC,Second Service,154,26,,180,,2026-01-07,2026,1,1
2026-01-14,CFC,Wednesday Service,1106,359,252,1717,,2026-01-14,2026,1,1
2026-01-14,CFC,Wednesday - MM,,,175,175,,2026-01-14,2026,1,1
2026-01-14,MSC,Wednesday Service,69,19,28,116,,2026-01-14,2026,1,1
2026-01-14,RBL,Wednesday Service,65,33,31,129,,2026-01-14,2026,1,1
2026-01-14,CFRC,Wednesday Service,74,,,74,,2026-01-14,2026,1,1
2026-01-15,CFC,Thursday Service,,14,460,474,,2026-01-14,2026,1,1
2026-01-18,CFC,First Service,700,82,,782,,2026-01-14,2026,1,1
2026-01-18,CFC,Second Service,1921,352,145,2418,,2026-01-14,2026,1,1
2026-01-18,CFC,Third Service,1469,353,105,1927,,2026-01-14,2026,1,1
2026-01-18,MSC,First Service,98,8,,106,,2026-01-14,2026,1,1
2026-01-18,MSC,Second Service,98,33,,131,,2026-01-14,2026,1,1
2026-01-18,RBL,First Service,80,24,,104,,2026-01-14,2026,1,1
2026-01-18,RBL,Second Service,107,38,,145,,2026-01-14,2026,1,1
2026-01-18,NRC,First Service,117,12,,129,,2026-01-14,2026,1,1
2026-01-18,NRC,Second Service,150,23,,173,,2026-01-14,2026,1,1
2026-01-21,CFC,Wednesday Service,891,387,717,1995,,2026-01-21,2026,1,1
2026-01-21,CFC,Wednesday - MM,,,515,515,,2026-01-21,2026,1,1
2026-01-21,MSC,Wednesday Service,60,15,42,117,,2026-01-21,2026,1,1
2026-01-21,RBL,Wednesday Service,56,40,23,119,,2026-01-21,2026,1,1
2026-01-21,CFRC,Wednesday Service,72,,,72,,2026-01-21,2026,1,1
2026-01-22,CFC,Thursday Service,,25,692,717,,2026-01-21,2026,1,1
2026-01-25,CFC,First Service,626,95,,721,,2026-01-21,2026,1,1
2026-01-25,CFC,Second Service,1888,357,115,2360,,2026-01-21,2026,1,1
2026-01-25,CFC,Third Service,1629,340,90,2059,,2026-01-21,2026,1,1
2026-01-25,MSC,First Service,89,10,,99,,2026-01-21,2026,1,1
2026-01-25,MSC,Second Service,106,25,,131,,2026-01-21,2026,1,1
2026-01-25,RBL,First Service,80,26,,106,,2026-01-21,2026,1,1
2026-01-25,RBL,Second Service,111,45,,156,,2026-01-21,2026,1,1
2026-01-25,NRC,First Service,104,11,,115,,2026-01-21,2026,1,1
2026-01-25,NRC,Second Service,155,16,,171,,2026-01-21,2026,1,1
2026-01-28,CFC,Wednesday Service,890,330,450,1670,,2026-01-28,2026,1,1
2026-01-28,CFC,Wednesday - MM,,,155,155,,2026-01-28,2026,1,1
2026-01-28,MSC,Wednesday Service,50,11,68,129,,2026-01-28,2026,1,1
2026-01-28,RBL,Wednesday Service,63,29,43,135,,2026-01-28,2026,1,1
2026-01-28,CFRC,Wednesday Service,77,,,77,,2026-01-28,2026,1,1
2026-01-29,CFC,Thursday Service,,14,407,421,,2026-01-28,2026,1,1
2026-02-01,CFC,First Service,355,56,,411,,2026-01-28,2026,2,1
2026-02-01,CFC,Second Service,1339,234,115,1688,,2026-01-28,2026,2,1
2026-02-01,CFC,Third Service,1042,245,70,1357,,2026-01-28,2026,2,1
2026-02-01,MSC,First Service,64,4,,68,,2026-01-28,2026,2,1
2026-02-01,MSC,Second Service,85,15,,100,,2026-01-28,2026,2,1
2026-02-01,RBL,First Service,58,14,,72,,2026-01-28,2026,2,1
2026-02-01,RBL,Second Service,89,27,,116,,2026-01-28,2026,2,1
2026-02-01,NRC,First Service,95,8,,103,,2026-01-28,2026,2,1
2026-02-01,NRC,Second Service,102,9,,111,,2026-01-28,2026,2,1
2026-02-04,CFC,Wednesday Service,762,342,303,1407,,2026-02-04,2026,2,1
2026-02-04,CFC,Wednesday - MM,,,173,173,,2026-02-04,2026,2,1
2026-02-04,MSC,Wednesday Service,53,14,27,94,,2026-02-04,2026,2,1
2026-02-04,RBL,Wednesday Service,55,37,30,122,,2026-02-04,2026,2,1
2026-02-04,CFRC,Wednesday Service,79,,,79,,2026-02-04,2026,2,1
2026-02-05,CFC,Thursday Service,,12,406,418,,2026-02-04,2026,2,1
2026-02-08,CFC,First Service,468,108,,576,,2026-02-04,2026,2,1
2026-02-08,CFC,Second Service,1799,367,150,2316,,2026-02-04,2026,2,1
2026-02-08,CFC,Third Service,1250,318,70,1638,,2026-02-04,2026,2,1
2026-02-08,MSC,First Service,112,12,,124,,2026-02-04,2026,2,1
2026-02-08,MSC,Second Service,122,39,,161,,2026-02-04,2026,2,1
2026-02-08,RBL,First Service,99,15,,114,,2026-02-04,2026,2,1
2026-02-08,RBL,Second Service,123,64,,187,,2026-02-04,2026,2,1
2026-02-08,NRC,First Service,122,7,,129,,2026-02-04,2026,2,1
2026-02-08,NRC,Second Service,180,20,,200,,2026-02-04,2026,2,1
2026-02-11,CFC,Wednesday Service,712,401,280,1393,,2026-02-11,2026,2,1
2026-02-11,CFC,Wednesday - MM,,,165,165,,2026-02-11,2026,2,1
2026-02-11,MSC,Wednesday Service,39,10,28,77,,2026-02-11,2026,2,1
2026-02-11,RBL,Wednesday Service,52,35,23,110,,2026-02-11,2026,2,1
2026-02-11,NRC,Wednesday Service,,,20,20,,2026-02-11,2026,2,1
2026-02-11,CFRC,Wednesday Service,72,,,72,,2026-02-11,2026,2,1
2026-02-12,CFC,Thursday Service,,15,403,418,,2026-02-11,2026,2,1
2026-02-15,CFC,First Service,545,73,,618,,2026-02-11,2026,2,1
2026-02-15,CFC,Second Service,1809,355,120,2284,,2026-02-11,2026,2,1
2026-02-15,CFC,Third Service,1258,380,95,1733,,2026-02-11,2026,2,1
2026-02-15,MSC,First Service,95,7,,102,,2026-02-11,2026,2,1
2026-02-15,MSC,Second Service,100,25,,125,,2026-02-11,2026,2,1
2026-02-15,RBL,First Service,73,22,,95,,2026-02-11,2026,2,1
2026-02-15,RBL,Second Service,87,31,,118,,2026-02-11,2026,2,1
2026-02-15,NRC,First Service,98,10,,108,,2026-02-11,2026,2,1
2026-02-15,NRC,Second Service,143,14,,157,,2026-02-11,2026,2,1
2026-02-18,CFC,Wednesday Service,824,353,318,1495,,2026-02-18,2026,2,1
2026-02-18,CFC,Wednesday - MM,,,160,160,,2026-02-18,2026,2,1
2026-02-18,MSC,Wednesday Service,42,7,34,83,,2026-02-18,2026,2,1
2026-02-18,RBL,Wednesday Service,60,33,35,128,,2026-02-18,2026,2,1
2026-02-18,NRC,Wednesday Service,,,22,22,,2026-02-18,2026,2,1
2026-02-18,CFRC,Wednesday Service,71,,,71,,2026-02-18,2026,2,1
2026-02-19,CFC,Thursday Service,,28,439,467,,2026-02-18,2026,2,1
2026-02-22,CFC,First Service,595,93,,688,,2026-02-18,2026,2,1
2026-02-22,CFC,Second Service,2024,333,130,2487,,2026-02-18,2026,2,1
2026-02-22,CFC,Third Service,1401,262,100,1763,,2026-02-18,2026,2,1
2026-02-22,MSC,First Service,80,9,,89,,2026-02-18,2026,2,1
2026-02-22,MSC,Second Service,100,28,,128,,2026-02-18,2026,2,1
2026-02-22,RBL,First Service,72,23,,95,,2026-02-18,2026,2,1
2026-02-22,RBL,Second Service,102,38,,140,,2026-02-18,2026,2,1
2026-02-22,NRC,First Service,100,8,,108,,2026-02-18,2026,2,1
2026-02-22,NRC,Second Service,135,16,,151,,2026-02-18,2026,2,1
2026-02-25,CFC,Wednesday Service,826,352,300,1478,,2026-02-25,2026,2,1
2026-02-25,CFC,Wednesday - MM,,,190,190,,2026-02-25,2026,2,1
2026-02-25,MSC,Wednesday Service,46,8,25,79,,2026-02-25,2026,2,1
2026-02-25,RBL,Wednesday Service,77,36,36,149,,2026-02-25,2026,2,1
2026-02-25,NRC,Wednesday Service,,,18,18,,2026-02-25,2026,2,1
2026-02-25,CFRC,Wednesday Service,75,,,75,,2026-02-25,2026,2,1
2026-02-26,CFC,Thursday Service,,26,458,484,,2026-02-25,2026,2,1
2026-03-01,CFC,First Service,541,74,,615,,2026-02-25,2026,3,1
2026-03-01,CFC,Second Service,1905,389,117,2411,,2026-02-25,2026,3,1
2026-03-01,CFC,Third Service,1382,260,113,1755,,2026-02-25,2026,3,1
2026-03-01,MSC,First Service,104,10,,114,,2026-02-25,2026,3,1
2026-03-01,MSC,Second Service,99,29,,128,,2026-02-25,2026,3,1
2026-03-01,RBL,First Service,73,14,,87,,2026-02-25,2026,3,1
2026-03-01,RBL,Second Service,103,30,,133,,2026-02-25,2026,3,1
2026-03-01,NRC,First Service,112,17,,129,,2026-02-25,2026,3,1
2026-03-01,NRC,Second Service,178,31,,209,,2026-02-25,2026,3,1
2026-03-04,CFC,Wednesday Service,1553,380,,1933,,2026-03-04,2026,3,1
2026-03-04,CFC,Wednesday - MM,,,,0,,2026-03-04,2026,3,1
2026-03-04,MSC,Wednesday Service,63,19,20,102,,2026-03-04,2026,3,1
2026-03-04,RBL,Wednesday Service,86,48,40,174,,2026-03-04,2026,3,1
2026-03-04,NRC,Wednesday Service,,,24,24,,2026-03-04,2026,3,1
2026-03-04,CFRC,Wednesday Service,73,,,73,,2026-03-04,2026,3,1
2026-03-05,CFC,Thursday Service,,26,460,486,,2026-03-04,2026,3,1
2026-03-08,CFC,First Service,500,61,,561,,2026-03-04,2026,3,1
2026-03-08,CFC,Second Service,1816,355,115,2286,,2026-03-04,2026,3,1
2026-03-08,CFC,Third Service,1162,327,106,1595,,2026-03-04,2026,3,1
2026-03-08,MSC,First Service,77,14,,91,,2026-03-04,2026,3,1
2026-03-08,MSC,Second Service,125,22,,147,,2026-03-04,2026,3,1
2026-03-08,RBL,First Service,75,22,,97,,2026-03-04,2026,3,1
2026-03-08,RBL,Second Service,102,36,,138,,2026-03-04,2026,3,1
2026-03-08,NRC,First Service,106,10,,116,,2026-03-04,2026,3,1
2026-03-08,NRC,Second Service,171,16,,187,,2026-03-04,2026,3,1
2026-03-11,CFC,Wednesday Service,775,,302,1077,,2026-03-11,2026,3,1
2026-03-11,CFC,Wednesday - MM,,,155,155,,2026-03-11,2026,3,1
2026-03-11,MSC,Wednesday Service,55,26,31,112,,2026-03-11,2026,3,1
2026-03-11,RBL,Wednesday Service,67,33,38,138,,2026-03-11,2026,3,1
2026-03-11,NRC,Wednesday Service,,,19,19,,2026-03-11,2026,3,1
2026-03-11,CFRC,Wednesday Service,58,,,58,,2026-03-11,2026,3,1
2026-03-12,CFC,Thursday Service,,23,405,428,,2026-03-11,2026,3,1
2026-03-15,CFC,First Service,516,63,,579,,2026-03-11,2026,3,1
2026-03-15,CFC,Second Service,1718,339,80,2137,,2026-03-11,2026,3,1
2026-03-15,CFC,Third Service,1435,319,85,1839,,2026-03-11,2026,3,1
2026-03-15,MSC,First Service,69,7,,76,,2026-03-11,2026,3,1
2026-03-15,MSC,Second Service,112,17,,129,,2026-03-11,2026,3,1
2026-03-15,RBL,First Service,65,16,,81,,2026-03-11,2026,3,1
2026-03-15,RBL,Second Service,90,30,,120,,2026-03-11,2026,3,1
2026-03-15,NRC,First Service,109,15,,124,,2026-03-11,2026,3,1
2026-03-15,NRC,Second Service,139,18,,157,,2026-03-11,2026,3,1
2026-03-18,CFC,Wednesday Service,857,298,227,1382,,2026-03-18,2026,3,1
2026-03-18,CFC,Wednesday - MM,,,157,157,,2026-03-18,2026,3,1
2026-03-18,MSC,Wednesday Service,48,13,23,84,,2026-03-18,2026,3,1
2026-03-18,RBL,Wednesday Service,69,30,35,134,,2026-03-18,2026,3,1
2026-03-18,NRC,Wednesday Service,,,20,20,,2026-03-18,2026,3,1
2026-03-18,CFRC,Wednesday Service,62,,,62,,2026-03-18,2026,3,1
2026-03-19,CFC,Thursday Service,,18,411,429,,2026-03-18,2026,3,1
2026-03-22,CFC,First Service,613,76,,689,,2026-03-18,2026,3,1
2026-03-22,CFC,Second Service,1862,354,106,2322,,2026-03-18,2026,3,1
2026-03-22,CFC,Third Service,1417,314,110,1841,,2026-03-18,2026,3,1
2026-03-22,MSC,First Service,68,9,,77,,2026-03-18,2026,3,1
2026-03-22,MSC,Second Service,111,28,,139,,2026-03-18,2026,3,1
2026-03-22,RBL,First Service,73,14,,87,,2026-03-18,2026,3,1
2026-03-22,RBL,Second Service,106,32,,138,,2026-03-18,2026,3,1
2026-03-22,NRC,First Service,86,11,,97,,2026-03-18,2026,3,1
2026-03-22,NRC,Second Service,110,22,,132,,2026-03-18,2026,3,1
2026-03-25,CFC,Wednesday Service,971,395,322,1688,,2026-03-25,2026,3,1
2026-03-25,CFC,Wednesday - MM,,,170,170,,2026-03-25,2026,3,1
2026-03-25,MSC,Wednesday Service,40,13,28,81,,2026-03-25,2026,3,1
2026-03-25,RBL,Wednesday Service,64,34,45,143,,2026-03-25,2026,3,1
2026-03-25,NRC,Wednesday Service,,,28,28,,2026-03-25,2026,3,1
2026-03-25,CFRC,Wednesday Service,73,,,73,,2026-03-25,2026,3,1
2026-03-26,CFC,Thursday Service,,15,435,450,,2026-03-25,2026,3,1
2026-03-29,CFC,First Service,602,79,,681,,2026-03-25,2026,3,1
2026-03-29,CFC,Second Service,1904,403,105,2412,,2026-03-25,2026,3,1
2026-03-29,CFC,Third Service,1497,373,123,1993,,2026-03-25,2026,3,1
2026-03-29,MSC,First Service,84,18,,102,,2026-03-25,2026,3,1
2026-03-29,MSC,Second Service,101,23,,124,,2026-03-25,2026,3,1
2026-03-29,RBL,First Service,85,19,,104,,2026-03-25,2026,3,1
2026-03-29,RBL,Second Service,115,45,,160,,2026-03-25,2026,3,1
2026-03-29,NRC,First Service,115,15,,130,,2026-03-25,2026,3,1
2026-03-29,NRC,Second Service,154,25,,179,,2026-03-25,2026,3,1
2026-04-01,CFC,Wednesday Service,647,350,521,1518,,2026-04-01,2026,4,2
2026-04-01,CFC,Wednesday - MM,,,,0,,2026-04-01,2026,4,2
2026-04-01,MSC,Wednesday Service,51,21,31,103,,2026-04-01,2026,4,2
2026-04-01,RBL,Wednesday Service,58,28,38,124,,2026-04-01,2026,4,2
2026-04-01,NRC,Wednesday Service,,,24,24,,2026-04-01,2026,4,2
2026-04-01,CFRC,Wednesday Service,62,,,62,,2026-04-01,2026,4,2
2026-04-02,CFC,Thursday Service,,31,672,703,,2026-04-01,2026,4,2
2026-04-03,CFC,First Service,1332,157,,1489,,2026-04-01,2026,4,2
2026-04-04,CFC,First Service,627,120,,747,,2026-04-01,2026,4,2
2026-04-05,CFC,First Service,842,105,,947,,2026-04-01,2026,4,2
2026-04-05,CFC,Second Service,3823,513,,4336,,2026-04-01,2026,4,2
2026-04-05,CFC,Third Service,2947,479,,3426,,2026-04-01,2026,4,2
2026-04-05,MSC,First Service,157,11,,168,,2026-04-01,2026,4,2
2026-04-05,MSC,Second Service,197,45,,242,,2026-04-01,2026,4,2
2026-04-05,MSC,Third Service,62,9,,71,,2026-04-01,2026,4,2
2026-04-05,RBL,First Service,127,36,,163,,2026-04-01,2026,4,2
2026-04-05,RBL,Second Service,174,55,,229,,2026-04-01,2026,4,2
2026-04-05,RBL,Third Service,53,23,,76,,2026-04-01,2026,4,2
2026-04-05,NRC,First Service,162,25,,187,,2026-04-01,2026,4,2
2026-04-05,NRC,Second Service,204,33,,237,,2026-04-01,2026,4,2
2026-04-05,NRC,Third Service,71,8,,79,,2026-04-01,2026,4,2
2026-04-05,FE,First Service,1295,105,,1400,,2026-04-01,2026,4,2
2026-04-08,CFC,Wednesday Service,705,335,710,1750,,2026-04-08,2026,4,2
2026-04-08,CFC,Wednesday - MM,,,,0,,2026-04-08,2026,4,2
2026-04-08,MSC,Wednesday Service,51,21,31,103,,2026-04-08,2026,4,2
2026-04-08,RBL,Wednesday Service,58,28,38,124,,2026-04-08,2026,4,2
2026-04-08,NRC,Wednesday Service,,,24,24,,2026-04-08,2026,4,2
2026-04-08,CFRC,Wednesday Service,74,,,74,,2026-04-08,2026,4,2
2026-04-09,CFC,Thursday Service,,24,626,650,,2026-04-08,2026,4,2
2026-04-12,CFC,First Service,570,61,,631,,2026-04-08,2026,4,2
2026-04-12,CFC,Second Service,1568,344,112,2024,,2026-04-08,2026,4,2
2026-04-12,CFC,Third Service,1316,283,104,1703,,2026-04-08,2026,4,2
2026-04-12,MSC,First Service,79,16,,95,,2026-04-08,2026,4,2
2026-04-12,MSC,Second Service,102,30,,132,,2026-04-08,2026,4,2
2026-04-12,RBL,First Service,72,23,,95,,2026-04-08,2026,4,2
2026-04-12,RBL,Second Service,90,29,,119,,2026-04-08,2026,4,2
2026-04-12,NRC,First Service,96,13,,109,,2026-04-08,2026,4,2
2026-04-12,NRC,Second Service,176,19,,195,,2026-04-08,2026,4,2
2026-04-12,FE,First Service,545,57,,602,,2026-04-08,2026,4,2
2026-04-15,CFC,Wednesday Service,746,345,677,1768,,2026-04-15,2026,4,2
2026-04-15,CFC,Wednesday - MM,,,,0,,2026-04-15,2026,4,2
2026-04-15,MSC,Wednesday Service,95,12,,107,,2026-04-15,2026,4,2
2026-04-15,RBL,Wednesday Service,77,35,58,170,,2026-04-15,2026,4,2
2026-04-15,NRC,Wednesday Service,,,57,57,,2026-04-15,2026,4,2
2026-04-15,CFRC,Wednesday Service,76,,,76,,2026-04-15,2026,4,2
2026-04-19,CFC,Thursday Service,450,20,,470,,2026-04-15,2026,4,2
2026-04-19,CFC,First Service,639,83,,722,,2026-04-15,2026,4,2
2026-04-19,CFC,Second Service,1820,350,118,2288,,2026-04-15,2026,4,2
2026-04-19,CFC,Third Service,1389,278,169,1836,,2026-04-15,2026,4,2
2026-04-19,MSC,First Service,83,13,,96,,2026-04-15,2026,4,2
2026-04-19,MSC,Second Service,105,29,,134,,2026-04-15,2026,4,2
2026-04-19,RBL,First Service,76,26,,102,,2026-04-15,2026,4,2
2026-04-19,RBL,Second Service,110,31,,141,,2026-04-15,2026,4,2
2026-04-19,NRC,First Service,103,11,,114,,2026-04-15,2026,4,2
2026-04-19,NRC,Second Service,149,17,,166,,2026-04-15,2026,4,2
2026-04-19,FE,First Service,566,47,,613,,2026-04-15,2026,4,2
2026-04-22,CFC,Wednesday Service,768,339,245,1352,,2026-04-22,2026,4,2
2026-04-22,CFC,Wednesday - MM,,,160,160,,2026-04-22,2026,4,2
2026-04-22,MSC,Wednesday Service,55,23,34,112,,2026-04-22,2026,4,2
2026-04-22,RBL,Wednesday Service,48,34,39,121,,2026-04-22,2026,4,2
2026-04-22,NRC,Wednesday Service,,,57,57,,2026-04-22,2026,4,2
2026-04-22,CFRC,Wednesday Service,61,,,61,,2026-04-22,2026,4,2
2026-04-23,CFC,Thursday Service,,15,422,437,,2026-04-22,2026,4,2
2026-04-26,CFC,First Service,577,68,,645,,2026-04-22,2026,4,2
2026-04-26,CFC,Second Service,1769,357,103,2229,,2026-04-22,2026,4,2
2026-04-26,CFC,Third Service,1291,289,109,1689,,2026-04-22,2026,4,2
2026-04-26,MSC,First Service,79,9,,88,,2026-04-22,2026,4,2
2026-04-26,MSC,Second Service,132,29,,161,,2026-04-22,2026,4,2
2026-04-26,RBL,First Service,77,29,,106,,2026-04-22,2026,4,2
2026-04-26,RBL,Second Service,137,34,,171,,2026-04-22,2026,4,2
2026-04-26,NRC,First Service,109,12,,121,,2026-04-22,2026,4,2
2026-04-26,NRC,Second Service,130,20,,150,,2026-04-22,2026,4,2
2026-04-26,FE,First Service,506,67,,573,,2026-04-22,2026,4,2
2026-04-29,CFC,Wednesday Service,915,333,477,1725,,2026-04-29,2026,4,2
2026-04-29,CFC,Wednesday - MM,,,,0,,2026-04-29,2026,4,2
2026-04-29,MSC,Wednesday Service,55,17,32,104,,2026-04-29,2026,4,2
2026-04-29,RBL,Wednesday Service,76,30,60,166,,2026-04-29,2026,4,2
2026-04-29,NRC,Wednesday Service,,,25,25,,2026-04-29,2026,4,2
2026-04-29,CFRC,Wednesday Service,66,,,66,,2026-04-29,2026,4,2
2026-04-30,CFC,Thursday Service,,18,464,482,,2026-04-29,2026,4,2
2026-05-03,CFC,First Service,599,69,,668,,2026-04-29,2026,5,2
2026-05-03,CFC,Second Service,1879,329,140,2348,,2026-04-29,2026,5,2
2026-05-03,CFC,Third Service,1334,299,105,1738,,2026-04-29,2026,5,2
2026-05-03,MSC,First Service,92,22,,114,,2026-04-29,2026,5,2
2026-05-03,MSC,Second Service,101,34,,135,,2026-04-29,2026,5,2
2026-05-03,RBL,First Service,80,26,,106,,2026-04-29,2026,5,2
2026-05-03,RBL,Second Service,141,26,,167,,2026-04-29,2026,5,2
2026-05-03,NRC,First Service,107,8,,115,,2026-04-29,2026,5,2
2026-05-03,NRC,Second Service,130,22,,152,,2026-04-29,2026,5,2
2026-05-03,FE,First Service,504,55,,559,,2026-04-29,2026,5,2
,,,,,,0,,1899-12-27,1899,12,4
,,,,,,0,,1899-12-27,1899,12,4
,,,,,,0,,1899-12-27,1899,12,4
,,,,,,0,,1899-12-27,1899,12,4
,,,,,,0,,1899-12-27,1899,12,4
,,,,,,0,,1899-12-27,1899,12,4
,,,,,,0,,1899-12-27,1899,12,
,,,,,,0,,1899-12-27,1899,12,
,,,,,,0,,1899-12-27,1899,12,
,,,,,,0,,1899-12-27,1899,12,
,,,,,,0,,1899-12-27,1899,12,
,,,,,,0,,1899-12-27,1899,12,
,,,,,,0,,1899-12-27,1899,12,
,,,,,,0,,1899-12-27,1899,12,
,,,,,,0,,1899-12-27,1899,12,
,,,,,,0,,1899-12-27,1899,12,
,,,,,,0,,1899-12-27,1899,12,
,,,,,,0,,1899-12-27,1899,12,
,,,,,,0,,1899-12-27,1899,12,
,,,,,,0,,1899-12-27,1899,12,
,,,,,,0,,1899-12-27,1899,12,
,,,,,,0,,1899-12-27,1899,12,
,,,,,,0,,1899-12-27,1899,12,
,,,,,,0,,1899-12-27,1899,12,
,,,,,,0,,1899-12-27,1899,12,
,,,,,,0,,1899-12-27,1899,12,
,,,,,,0,,1899-12-27,1899,12,
,,,,,,0,,1899-12-27,1899,12,
,,,,,,,,1899-12-27,1899,12,
,,,,,,,,1899-12-27,1899,12,
,,,,,,,,1899-12-27,1899,12,
,,,,,,,,1899-12-27,1899,12,
,,,,,,,,1899-12-27,1899,12,
,,,,,,,,1899-12-27,1899,12,
,,,,,,,,1899-12-27,1899,12,
,,,,,,,,1899-12-27,1899,12,
,,,,,,,,1899-12-27,1899,12,
,,,,,,,,1899-12-27,1899,12,
,,,,,,,,1899-12-27,1899,12,
,,,,,,,,1899-12-27,,12,
,,,,,,,,1899-12-27,,12,
,,,,,,,,1899-12-27,,12,
,,,,,,,,1899-12-27,,,